Kurtosis;Impulse factor;RMS;Margin factor;Skewness;Shape factor;Peak to peak;Crest factor;Label
2.330732629;8.30299273;1.830485817;0.00695059;-0.098410831;652.5993421;0.043448747;0.012722956;0
2.463654346;8.665077;2.005024011;0.006604406;-0.022542417;654.363553;0.051557383;0.013241992;0
2.258159995;8.673626911;2.286039416;0.005823974;-0.082665489;651.4747107;0.054922214;0.013313835;0
3.033233246;11.40102276;2.318545652;0.007461977;-0.069490045;658.9830544;0.072447194;0.017300935;0
2.510602907;9.757039164;2.404440127;0.006202922;-0.07553646;654.1958156;0.068287597;0.014914555;0
2.886689152;9.27738267;2.573662753;0.005464392;-0.134392878;659.6779887;0.066539121;0.014063502;0
2.362874401;8.275063347;2.709709138;0.004660941;0.034906756;655.2016905;0.066047576;0.012629795;0
2.594184397;8.733683355;2.832418559;0.004688297;-0.009030631;657.6955869;0.07447589;0.013279218;0
2.548743835;9.614611391;3.012135531;0.004904238;0.024677288;650.8571336;0.083472464;0.01477223;0
2.447506414;8.742857516;3.104539845;0.004311687;0.024017454;653.1439496;0.077057898;0.013385805;0
2.856325261;10.38328913;3.763059745;0.004182574;0.009734694;659.7056358;0.114409473;0.015739276;0
3.041084256;11.5925145;3.626366624;0.004841062;0.230264405;660.336434;0.105548022;0.017555467;0
2.838330323;10.07444203;3.464683264;0.004409775;0.072210993;659.3879885;0.099578089;0.015278474;0
2.579998475;8.497261198;3.279026493;0.003947003;0.041420842;656.5482356;0.080804503;0.012942326;0
2.583710134;9.414427465;3.162323101;0.004527249;0.007735574;657.5870416;0.082933561;0.014316626;0
3.058604815;10.03240441;3.013209734;0.005008155;-0.019292857;664.8104957;0.082913829;0.015090623;0
2.896324803;9.131938809;2.759862282;0.005026919;-0.04176796;658.2240077;0.074683718;0.013873603;0
2.749265017;8.566383279;2.689745871;0.004832514;-0.096277522;659.0420051;0.068296164;0.012998236;0
2.495946506;9.098430034;2.438451968;0.005682297;-0.070392633;656.641519;0.064354956;0.013856008;0
2.602744007;8.181236829;2.182138439;0.00571108;-0.0856953;656.4753197;0.052721045;0.012462368;0
2.76527193;8.799657662;1.387769924;0.009610898;0.061477393;659.7575091;0.035763137;0.013337715;1
2.660520609;9.03109225;1.569946672;0.008765757;0.106609839;656.2449279;0.04145161;0.013761771;1
2.721905152;9.709299783;1.707217814;0.008639188;-0.010042402;658.3033652;0.047848479;0.014748975;1
2.606380842;8.870480979;1.803061407;0.007483071;0.044007037;657.4409616;0.046990492;0.013492437;1
2.967610453;9.354911433;2.080228937;0.006767982;0.066956941;664.4607847;0.056307408;0.014078952;1
2.264806879;8.355337442;2.111686546;0.006080813;0.108580698;650.6881867;0.051308725;0.01284077;1
2.710360307;8.908660814;2.22500743;0.00605337;0.050829618;661.4297305;0.058218981;0.013468794;1
2.615779234;9.26133885;1.962614768;0.007205111;-0.014199128;654.9347204;0.054678062;0.014140858;1
3.145066043;10.01969685;1.863660203;0.008138177;-0.025567723;660.6336846;0.054243238;0.015166797;1
2.65006748;8.448702139;1.831203635;0.007015524;0.029883993;657.647586;0.045817186;0.012846853;1
2.728642735;8.759259312;3.398721776;0.003901045;0.012894911;660.6490273;0.089135101;0.013258567;0
2.829385039;9.997740906;3.27063357;0.004657152;0.014206511;656.371276;0.093585097;0.015231838;0
2.899364317;9.908183641;3.071953608;0.004891987;0.032639161;659.3167603;0.091033414;0.015027957;0
2.557173817;8.817173865;2.81223567;0.004790935;0.087084761;654.4212492;0.07088993;0.013473239;0
2.789500296;10.93958443;2.738436533;0.006060233;-0.074721546;659.1872802;0.078162372;0.016595564;0
2.721225521;8.948006876;2.578890984;0.005277188;-0.130503182;657.4924521;0.06964855;0.013609292;0
2.579577198;8.237395841;2.367954526;0.005303746;0.054049446;655.8942452;0.059318168;0.012559031;0
2.470066804;10.00973081;2.094536386;0.007322881;0.011472995;652.6081804;0.057401784;0.015338041;0
2.760206128;10.30635535;1.795863312;0.008751114;-0.184337803;655.7955581;0.05524342;0.015715805;0
2.980770551;9.366564067;1.587381749;0.008869731;-0.117924644;665.2554842;0.042069717;0.01407965;0
8.973914152;17.07314706;2.521112428;0.009632356;0.20376882;703.0542753;0.115392804;0.024284252;2
12.59052543;20.92033288;2.404117336;0.012473073;0.396075299;697.652975;0.134222021;0.029986732;2
9.616020382;16.84859043;2.196962153;0.010882457;0.190415841;704.7158402;0.100102867;0.023908346;2
7.849384457;18.61738419;1.956185486;0.013854604;0.330614992;686.9331995;0.096683701;0.027102176;2
10.1440676;19.5750274;1.914082618;0.014461689;0.379081394;707.1681446;0.09275253;0.027680867;2
4.78247157;14.72175055;1.698205526;0.012885863;0.194101787;672.7530909;0.064915183;0.021882843;2
5.455763234;14.87127119;1.69739483;0.012886809;0.282486783;679.8605014;0.065648678;0.021874004;2
4.454163656;12.11502556;1.605117691;0.011245823;0.223089081;671.1602445;0.051789779;0.018050869;2
6.552621993;17.64295838;1.875996917;0.013804413;0.429608079;681.2732446;0.077874059;0.025897037;2
10.68293279;17.84986754;2.011144645;0.012505152;0.156338063;709.7456171;0.092204676;0.025149669;2
2.361058693;7.783008119;1.141622131;0.010417398;0.032223596;654.4339873;0.026512342;0.011892732;1
2.759567378;9.021364239;1.40822193;0.009707567;0.221831637;659.9191543;0.035307839;0.013670408;1
3.44980508;11.73516508;1.563149462;0.011336618;0.052857431;662.224434;0.052601987;0.017720828;1
2.538128603;9.980740063;1.64993861;0.009238656;0.014363909;654.766052;0.047910916;0.015243216;1
2.58248222;9.591259605;1.770074278;0.008245325;0.134179009;657.1679318;0.047486698;0.014594838;1
2.702427566;9.304077953;1.971653307;0.007176762;0.072044769;657.5279857;0.054733741;0.014150087;1
2.630015179;8.58096679;2.146044339;0.006080592;0.035387605;657.5846734;0.055757421;0.01304922;1
2.5367285;8.768641538;2.320057218;0.005776474;0.003453188;654.2907644;0.060663948;0.01340175;1
3.699692586;11.75140587;2.401518871;0.00741756;0.083755414;659.6943124;0.083317997;0.017813411;1
2.632164414;9.855896839;2.421368187;0.006209299;-0.005123428;655.5302291;0.071011947;0.015035;1
7.187081191;12.90301137;5.245938666;0.003364187;0.012943537;731.1184667;0.184706579;0.017648318;3
7.795947696;17.34539857;6.10750402;0.003909211;0.101237833;726.4928884;0.259118976;0.023875524;3
5.876949804;13.59776027;6.727750237;0.002819297;0.045906116;716.8967944;0.230320087;0.018967528;3
6.019712331;12.86112188;7.676480171;0.002317646;-0.037061487;722.885618;0.268559714;0.017791365;3
8.108633849;16.95458686;8.561707406;0.002667147;-0.260379497;742.4717714;0.361389358;0.022835329;3
5.460738763;12.27835291;7.8795649;0.002191064;-0.023294349;711.1854757;0.255070162;0.017264628;3
8.161534079;15.18912586;8.064204334;0.00255411;0.033169411;737.4484807;0.324812399;0.020596864;3
6.048625885;12.44322815;6.518516668;0.002690613;0.024898005;709.4684923;0.225811157;0.017538803;3
7.632639794;19.12968971;5.601046159;0.004709502;-0.189503908;725.2100641;0.264256682;0.026378136;3
7.079289204;13.51695402;4.6053492;0.004059281;0.080961658;723.0480722;0.168044212;0.018694406;3
6.980030953;15.85223602;10.86564569;0.002053186;-0.188052754;710.5697563;0.436759546;0.02230919;3
5.567831511;14.76434274;9.982731431;0.002076945;-0.06494243;712.0980689;0.353610316;0.020733581;3
7.453980588;15.56365998;9.09936207;0.002332897;-0.25886978;733.1708049;0.364407682;0.021227877;3
5.835316824;13.13901803;7.905126494;0.002311711;-0.030406889;718.986289;0.287501727;0.018274365;3
6.446754154;13.91897543;6.93552391;0.002789577;-0.008663817;719.4317048;0.248264895;0.019347181;3
6.663649487;17.49991473;6.048035131;0.004054052;-0.085887354;713.7272645;0.25891881;0.02451905;3
6.185188942;13.52760013;5.247856557;0.003604036;-0.14207605;715.2365842;0.197649461;0.018913462;3
6.825815429;14.55692467;5.521170597;0.003667335;-0.145990976;718.9321024;0.21128076;0.020247983;3
6.544292401;13.06810369;6.199308432;0.002933064;-0.13392272;718.7002249;0.220462381;0.018182969;3
5.553896389;12.70265529;6.844496302;0.002636387;0.052760802;703.9532288;0.236311637;0.018044743;3
11.22889838;18.47270013;2.641721877;0.009818462;-0.056829722;712.1964904;0.130913951;0.025937646;2
7.057029553;17.06226302;2.43790007;0.010226423;0.163152693;684.3795024;0.105737655;0.024930997;2
9.217942597;19.26573174;2.270308666;0.012240375;0.198072734;693.2755334;0.111344992;0.02778943;2
12.3365079;20.5143559;2.040084734;0.01430058;-0.05068453;703.1630477;0.114048208;0.029174394;2
8.201684414;16.27391803;1.966047082;0.011820975;0.13538771;700.2367838;0.086562928;0.023240593;2
4.69493369;15.45911087;1.68997366;0.013656766;0.501759104;669.8178569;0.061054955;0.023079574;2
5.793968793;16.23942165;1.787555174;0.013275465;0.15892166;684.3233395;0.071368547;0.023730627;2
5.049039009;12.47276958;1.664738789;0.011081752;0.155986814;676.0960076;0.05720976;0.018448223;2
5.701360947;15.726542;1.88394447;0.012237482;0.349001137;682.1392925;0.06885748;0.023054737;2
12.21122323;20.13281323;2.025507125;0.013920857;-0.021902188;714.010684;0.107472832;0.028196795;2
7.023429811;14.22380611;11.02121134;0.001778914;-0.175414545;725.4901214;0.396693127;0.019605789;3
6.446275997;14.11154437;9.637271542;0.002033436;-0.103170358;720.095092;0.350593614;0.019596779;3
7.011868792;15.3055761;8.501775919;0.002468106;-0.229587239;729.4175513;0.325243068;0.020983285;3
6.855960227;16.54468248;7.641108455;0.003006965;-0.104831153;720.0682647;0.336142217;0.022976547;3
6.95524002;13.85845521;6.850720803;0.00277492;0.096531841;729.0009217;0.255013688;0.019010203;3
6.416949677;15.35971579;6.095719978;0.003508511;0.038021112;718.1833299;0.229981463;0.021386901;3
6.359647546;14.25394645;6.064470028;0.00327589;-0.00614266;717.4853042;0.223201841;0.019866534;3
6.421883724;14.68392428;5.557442946;0.003685786;-0.015888488;716.8643091;0.216470335;0.020483548;3
7.590796585;15.57079484;5.117681951;0.004172186;0.076450778;729.245539;0.210203557;0.021351923;3
6.616938415;13.25376198;4.282171567;0.004295247;-0.020478295;720.5879047;0.154720175;0.018392984;3
2.621069733;8.976684996;2.238453199;0.006090312;0.087372314;658.4585098;0.059976638;0.013632879;1
2.661593421;9.04017471;2.11958817;0.006496735;-0.035205661;656.4931007;0.054621132;0.013770403;1
2.553916397;9.308589658;1.947694534;0.007312178;0.093145412;653.6063708;0.052356864;0.014241889;1
2.898722942;12.20674737;1.84333022;0.010052917;0.010969279;658.7258643;0.05729186;0.018530846;1
2.933391994;10.47599477;1.720467369;0.009220145;0.152452089;660.4061133;0.050804432;0.015862959;1
3.518727525;12.27548634;1.592048738;0.011604216;-0.056019952;664.4564891;0.050070096;0.018474477;1
2.730331684;10.73227281;1.270270098;0.012876761;-0.011163076;656.128621;0.040153652;0.016356965;1
2.557783527;8.451593275;1.250539063;0.0103202;0.010386042;654.8671451;0.030233465;0.012905814;1
2.792581897;9.113729258;1.501652484;0.009193786;-0.045022331;660.1343015;0.041383567;0.013805871;1
2.745155402;9.964860481;1.665765317;0.009124664;0.071476349;655.6023902;0.044899491;0.015199549;1
8.464772361;16.72318767;2.435229661;0.009961819;0.409879918;689.3510973;0.115706448;0.024259318;2
10.08869885;18.53435603;2.396165231;0.011107403;0.671627524;696.3830712;0.115435009;0.026615173;2
7.921014469;16.36878407;2.424162549;0.00956817;0.658339604;705.7092545;0.098820576;0.023194799;2
6.974977155;16.94317132;2.120184811;0.011693863;0.675813105;683.3811039;0.08273975;0.024793152;2
5.981412855;13.87622195;1.918906027;0.010583635;0.666786808;683.2547544;0.068722559;0.020309002;2
3.745485192;10.5531891;1.742535109;0.009076884;0.706281858;667.2143935;0.047246264;0.015816789;2
4.694268528;11.81661379;1.733311278;0.010074471;0.684463204;676.6969421;0.055771639;0.017462195;2
5.066299247;14.20066917;1.416563753;0.015130389;0.843870486;662.5559855;0.045775899;0.021433161;2
3.609079484;11.311508;1.310870902;0.013220582;0.54429802;652.6945799;0.038179537;0.017330476;2
2.558733237;9.524920267;1.253220296;0.011652207;0.781665248;652.2675115;0.032526063;0.014602782;2
6.14987943;11.75807688;5.247587539;0.003115039;-0.024396499;719.3051726;0.167266675;0.016346437;3
5.947779166;12.51515507;6.217538699;0.002826866;0.059411926;712.0532974;0.212160491;0.017576149;3
6.628231983;13.19672908;6.886525793;0.002675665;0.138018391;716.2002112;0.250324067;0.018426033;3
6.858752058;14.74298014;8.462171237;0.002385761;-0.05681615;730.2583526;0.317377489;0.020188718;3
7.436387466;14.36068597;8.935987687;0.002195574;-0.173066532;731.9551259;0.335832199;0.019619626;3
7.85335377;16.55152388;10.21201513;0.002244907;-0.092617397;721.9849633;0.444914519;0.022925026;3
8.055382914;16.65302342;10.36716428;0.002212931;-0.155174608;725.8807479;0.463512892;0.022941817;3
13.18221418;23.74195834;9.324980299;0.003380864;-0.204323219;753.0796034;0.571595704;0.031526492;3
6.685411073;14.11300703;8.015613251;0.002412914;-0.202870058;729.6943616;0.30884654;0.019340984;3
7.101244061;14.34614359;7.088029096;0.002781289;0.030062776;727.7187997;0.262309328;0.019713856;3
8.451776495;17.58337788;9.161418823;0.002604083;-0.275409493;737.0293166;0.412983888;0.023857094;3
6.525002729;14.79719316;8.149278346;0.00251357;-0.165131594;722.3859419;0.301829704;0.020483778;3
5.777857546;11.67382607;7.152809595;0.002266414;0.016613914;720.1073289;0.225394467;0.016211231;3
7.211131607;16.18218056;6.392647294;0.003502708;0.061034191;722.6905721;0.260149954;0.022391576;3
6.447935233;12.80474457;5.657222858;0.003141075;-0.070539191;720.5918933;0.198056355;0.017769759;3
5.811942536;13.80825553;6.00740889;0.003241271;-0.107065136;709.1469882;0.217235194;0.019471641;3
6.191962207;13.43980926;7.072666081;0.002651617;0.022277867;716.6368618;0.245440365;0.018754002;3
6.398974882;13.03938294;7.769720994;0.002327373;-0.021233857;721.0834882;0.271549403;0.018083042;3
7.059996825;13.86765929;8.547854818;0.002208843;-0.304333322;734.482003;0.310349122;0.01888087;3
8.171363558;18.01576594;9.836842899;0.00252843;-0.195370239;724.3460106;0.452051394;0.024871768;3
2.881603694;9.519275808;2.160481267;0.006646769;-0.051707942;662.8920272;0.058744886;0.014360221;1
2.570252975;8.950549329;2.042949289;0.006649763;0.047749362;658.8490971;0.051800302;0.013585128;1
2.834095759;9.552925892;1.884462839;0.00768522;0.007941533;659.6180303;0.052549512;0.014482512;1
3.775927078;11.64892777;1.872356229;0.00928861;-0.116129973;669.802485;0.058845447;0.017391586;1
5.075070737;15.74634531;1.672984043;0.014048597;0.103113429;669.9694747;0.071986678;0.023503079;1
2.655642961;9.02685682;1.42939777;0.009641458;0.133298545;654.9991432;0.037296623;0.013781479;1
2.512051658;10.033075;1.304253532;0.011786328;0.057131178;652.6698196;0.037986317;0.015372359;1
2.940255184;10.44948447;1.535290585;0.010363622;0.157919532;656.7388753;0.047566748;0.015911171;1
2.791381759;10.47716009;1.736299118;0.009230923;0.062115883;653.6931283;0.052311255;0.016027643;1
2.543773184;10.02053298;1.821576737;0.00844564;0.032524744;651.3445303;0.05048651;0.015384382;1
3.267010325;11.09524411;1.202441182;0.013989899;0.060966712;659.5662564;0.039476413;0.016822031;1
2.391990431;8.194573974;1.47589641;0.008472431;0.157817976;655.3336621;0.03503644;0.01250443;1
2.277395415;8.206981838;1.623818054;0.007777438;0.036089906;649.8446323;0.040469515;0.012629145;1
2.481956677;7.964301723;1.815351891;0.00666565;-0.109918783;658.1795546;0.041889534;0.0121005;1
3.27180666;14.53410904;1.939649251;0.011381092;0.044446734;658.3870395;0.070377947;0.022075327;1
2.370212444;8.200495719;2.128048367;0.005904704;0.01544587;652.6201489;0.052818032;0.012565496;1
2.944917667;11.3771188;2.205840511;0.007797976;0.092413944;661.4184608;0.069675591;0.01720109;1
3.296903461;10.16488198;2.176474491;0.007005262;-0.047910008;666.6906258;0.063846753;0.015246775;1
2.967665669;12.32048751;2.033212276;0.009197607;0.068005205;658.8253861;0.066846889;0.018700687;1
2.431414983;8.881214095;1.781454053;0.007603573;0.006939749;655.6620046;0.044820737;0.013545415;1
4.617091571;13.19264853;1.58292349;0.012406575;-0.380141047;671.7693051;0.055684748;0.019638659;2
4.208806811;11.28530742;1.818711838;0.009212195;-0.24022445;673.5756439;0.057304187;0.016754328;2
10.87303226;20.20016705;1.910550639;0.015075947;-0.080087571;701.3128836;0.098152247;0.028803359;2
9.149363743;18.37180974;1.943403158;0.013539771;-0.106265908;698.1965555;0.090710795;0.026313235;2
9.163438832;15.14313955;2.076815808;0.010318682;-0.124614674;706.6327003;0.08246547;0.021430001;2
10.83271594;17.94880572;2.26919307;0.011117393;-0.020724915;711.4774542;0.113305035;0.025227512;2
6.498043475;12.60458605;2.265617997;0.007994996;-0.223305849;695.8628103;0.081855218;0.018113608;2
11.40083497;19.93236683;2.397791969;0.011703871;0.025197216;710.2608001;0.124287949;0.028063448;2
9.99610181;17.95563911;2.494168569;0.010056314;-0.159925828;715.8734533;0.115415358;0.025082141;2
7.399861897;16.50246401;2.643502195;0.008923729;-0.160705821;699.5564365;0.109163861;0.023589897;2
6.218542043;12.75540619;10.05418386;0.001769251;-0.046052032;717.0641767;0.347680729;0.017788375;3
7.439131632;15.07440323;8.68382729;0.002367918;-0.237660941;733.0983622;0.334875126;0.020562593;3
6.986196456;15.93388577;7.940165768;0.002754401;-0.101841489;728.5593801;0.323531135;0.021870401;3
6.078239233;12.14860698;7.204881045;0.002337404;0.03864596;721.3828277;0.236550449;0.016840721;3
6.043431857;13.05593612;6.579062122;0.002780444;0.112928066;713.7232803;0.235524376;0.018292714;3
6.985061836;15.17430519;5.613514179;0.003784606;0.072252357;714.2549905;0.222254903;0.021244941;3
7.270189045;15.56168075;4.879465391;0.004416188;0.00011441;722.1654899;0.18581275;0.021548635;3
7.452165396;16.41700287;4.311716851;0.005292793;-0.10302545;719.38058;0.173069538;0.022821026;3
9.075605485;15.94791582;3.304337625;0.006667497;0.081758049;723.8634937;0.133753943;0.022031662;3
11.38339263;19.42617643;2.675150492;0.00995927;0.175987815;729.1411527;0.135558505;0.026642546;3
2.503209416;9.031885389;2.422287196;0.005649169;0.017529512;660.036934;0.061210795;0.013683909;1
3.752466802;13.59870464;2.178538874;0.009366198;-0.051350544;666.4520351;0.08288718;0.020404626;1
2.856773401;12.24328356;2.022799027;0.00919056;0.090897303;658.5718738;0.065419059;0.018590657;1
2.560323701;9.495508451;1.980864768;0.007276129;0.011849695;658.8142627;0.053581467;0.014413028;1
3.067491894;11.40716249;1.755771;0.00985834;0.04373101;659.0311814;0.057208002;0.017308988;1
3.076239864;12.74623807;1.621130569;0.011892402;-0.019421963;661.1415544;0.05336087;0.019279136;1
2.565465847;9.353337135;1.47866095;0.009665486;0.07511307;654.4466861;0.040698953;0.014291977;1
2.705886017;9.232641733;1.25965086;0.011187048;-0.106307307;655.1794764;0.035071428;0.014091775;1
2.470489057;9.23744777;1.078657073;0.013105653;-0.067582476;653.4463397;0.028612524;0.014136505;1
2.421403274;8.13866248;0.944085951;0.013200148;-0.067477834;653.0744395;0.023012835;0.012462075;1
2.648120208;11.39543352;1.482302809;0.011946255;0.674748266;643.5201393;0.043519542;0.017707967;2
3.074248307;11.42041406;1.645795126;0.01067696;0.598166953;649.9178485;0.046783616;0.017572089;2
5.306121255;14.90053726;1.821492229;0.012314943;0.801795494;664.2662796;0.059610522;0.022431573;2
7.4438232;16.34533169;1.970316553;0.012104882;0.858669498;685.3259605;0.075146999;0.023850449;2
8.781126661;16.01965638;2.093903713;0.011023403;0.892277832;694.0341215;0.08215102;0.023081944;2
10.05836014;17.77679447;2.157096991;0.011828187;0.97077813;696.7317225;0.088667013;0.025514547;2
8.252393813;16.49498665;2.1451337;0.011240002;0.748878775;684.1182955;0.087938235;0.024111308;2
8.577436961;15.37179561;2.28529609;0.009663288;0.568858557;696.0768386;0.097329891;0.022083475;2
10.11866709;17.0023615;2.332780434;0.010510984;0.600825063;693.4130554;0.097553916;0.024519817;2
10.8566126;17.92441614;2.333523827;0.010932693;0.796558604;702.5959514;0.104295534;0.025511699;2
4.072801617;12.23926027;1.454149541;0.012587147;0.198717154;668.6807362;0.050094264;0.018303593;2
6.692802747;15.99001363;1.814035414;0.012757222;0.170119629;690.9505402;0.07452019;0.023142052;2
7.569240462;17.11866463;1.838127802;0.013499624;0.499506348;689.878359;0.075323354;0.024814033;2
17.02446897;22.30790459;1.998120384;0.015376631;0.582649875;726.0657274;0.108674689;0.03072436;2
9.152591661;17.41565157;2.232169309;0.011100266;0.198028745;702.8768133;0.100549152;0.024777673;2
14.22275591;21.90024019;2.372159497;0.012866617;0.467325987;717.5309091;0.127018568;0.030521668;2
10.11760784;19.53363085;2.301683848;0.012178346;0.240097742;696.8655389;0.125579591;0.028030703;2
11.27932971;19.47492676;2.224295542;0.012415659;0.169713288;705.2020533;0.112788118;0.027616095;2
8.593522759;17.21121464;1.948298461;0.012788775;0.2110728;690.7598621;0.092095672;0.02491635;2
12.6055448;19.02389188;1.99434734;0.013208116;0.584902558;722.2003748;0.101297341;0.02634157;2
8.695869601;17.79714016;2.53351064;0.010106865;0.206440913;695.0419556;0.1285296;0.02560585;2
9.033939481;16.46551247;2.388598742;0.010004303;0.336656353;689.0412162;0.107781137;0.023896266;2
11.04622703;22.82578372;2.233205515;0.014626491;0.408068876;698.8063528;0.116848107;0.032663961;2
8.020213736;17.75864039;2.104682545;0.012231462;0.624339051;689.8342363;0.089489472;0.025743344;2
7.975959388;15.14885377;1.993160687;0.010829125;0.405112049;701.8496279;0.081287049;0.021584187;2
5.839475609;17.18019243;1.77188143;0.014333938;0.635359847;676.4377871;0.081845569;0.025398038;2
3.267084628;10.05544788;1.690368598;0.008925808;0.463466846;666.4575011;0.045293366;0.015087906;2
5.156013703;12.65961863;1.477315323;0.012708278;0.148055375;674.3117435;0.051799727;0.018774133;2
3.37240964;10.79078497;1.183181817;0.013939949;0.422298077;654.2449313;0.03473004;0.016493494;2
3.043658794;9.169154792;1.165419012;0.011889387;0.408540648;661.7405673;0.03158287;0.013856117;2
4.016760525;11.98678568;1.566295396;0.011557565;0.775837757;662.1596824;0.04653825;0.01810256;2
4.675820566;11.92369849;1.738523731;0.010412224;0.635431504;658.6987598;0.051137923;0.018101899;2
5.352710131;13.29633416;1.964954561;0.009972963;0.631908324;678.5083864;0.074303461;0.019596418;2
9.984692476;16.6143201;1.989309067;0.012083372;0.751251088;691.181612;0.085884578;0.024037561;2
6.080390943;13.30961982;2.116415311;0.009325155;0.632762084;674.3862003;0.076190527;0.019735902;2
8.581930251;15.33149702;2.320446218;0.009530631;0.608695244;693.2523982;0.099379937;0.022115318;2
13.14744106;23.13988222;2.428467395;0.013581054;1.093911248;701.6094042;0.123603576;0.032981146;2
7.37007108;15.02111218;2.450340008;0.008918375;0.714238982;687.3691419;0.092418482;0.02185305;2
9.380730905;17.88908106;2.600346609;0.009907271;0.628297058;694.3888816;0.113824422;0.025762338;2
11.26510465;19.84370158;2.718616337;0.010464555;0.456653458;697.5157066;0.136056288;0.028449111;2
-1.459052698;2.367569219;69.40798105;6.52398E-05;0.028495112;522.8546332;0.300371922;0.00452816;3
-1.436696178;2.616867948;66.78060348;7.48727E-05;0.044295141;523.3692894;0.324421933;0.005000041;3
-1.398838391;2.549531409;64.2431867;7.57512E-05;0.067039323;523.8946688;0.302031361;0.004866496;3
-1.354528443;2.938726844;61.83984031;9.05744E-05;0.094823864;524.6691863;0.337903297;0.005601104;3
-1.286925447;3.183756295;59.57255318;0.000101613;0.134136627;525.9520028;0.356764771;0.006053321;3
-1.185746133;3.077311197;57.44737562;0.000101504;0.19574411;527.7360865;0.330735527;0.005831156;3
-1.127852707;3.746841539;55.29236376;0.000128178;0.220270052;528.6733425;0.388922667;0.007087253;3
-1.02652644;3.382266431;53.37044115;0.000119301;0.285226499;531.2080016;0.356381894;0.006367123;3
-0.881182495;4.369482236;51.56196793;0.000158633;0.353823399;534.2036857;0.495485017;0.008179431;3
-0.646506248;4.786891971;49.89321439;0.00017824;0.453290477;538.2774269;0.596192962;0.008892983;3
2.953419669;9.967925823;2.782489555;0.005442719;-0.025395786;658.1961548;0.080805456;0.015144309;0
2.685222784;8.383341192;2.710886293;0.004719487;-0.03088514;655.256029;0.068336259;0.012793993;0
2.867602601;10.28385646;2.550188515;0.006105603;0.050429842;660.4730906;0.068256168;0.01557044;0
2.481637873;8.103524427;2.446226497;0.005027334;0.026428619;658.9304421;0.059493348;0.012297997;0
2.859227419;11.09360863;2.257953362;0.007462716;0.042949243;658.3562421;0.068250016;0.016850465;0
2.4785225;8.928267009;2.002150599;0.006835882;-0.079442089;652.3427549;0.051424876;0.013686466;0
2.704188764;8.755773956;2.300601723;0.005768548;-0.08520095;659.7608879;0.059370821;0.013271132;0
2.632267473;8.334139896;2.531205008;0.004997149;-0.012767332;658.8873529;0.064015674;0.012648808;0
2.664358525;7.929147925;2.647278997;0.004552049;-0.047779408;657.9908709;0.063167831;0.012050544;0
2.892121915;9.131589533;2.764746353;0.004987651;-0.017866184;662.2089227;0.075680313;0.01378959;0
2.86869849;8.956852254;1.195622786;0.011353583;0.134322575;659.8242588;0.030960913;0.013574603;1
2.948979141;8.880032388;1.448103355;0.009257888;0.270655382;662.373701;0.038477609;0.013406378;1
2.836467179;10.56603046;1.514744498;0.01055048;0.237028435;661.1504038;0.042407086;0.015981281;1
2.924119859;10.44220685;1.609390919;0.009824193;0.187409309;660.4407206;0.045620843;0.015810968;1
2.707362675;8.260010788;1.543294712;0.008143384;0.21639982;657.2442984;0.037079273;0.012567642;1
2.376968831;9.546527552;1.638550335;0.008944327;0.190728678;651.3852965;0.042257329;0.014655731;1
2.67582887;9.404975947;1.796203119;0.007927749;0.148623445;660.468901;0.048439639;0.014239847;1
2.587911949;9.17690967;1.861518081;0.007499392;0.143779032;657.3597634;0.050086663;0.013960255;1
2.687241626;9.187597037;1.898528318;0.007393883;0.097515848;654.5039722;0.050569862;0.014037496;1
2.603178085;8.051891939;1.96302338;0.00624103;0.166804683;657.2282359;0.047430942;0.012251287;1
6.926741565;11.97863273;4.344780329;0.00385705;0.294882594;714.7994119;0.143172051;0.016758034;3
6.735746557;12.2294464;5.183206646;0.003302722;0.18794242;714.3914159;0.176740919;0.017118692;3
5.915634923;13.50767391;5.864248084;0.003276298;0.237289068;703.047711;0.201847698;0.019213026;3
5.73128121;11.7659375;6.795518562;0.002435234;0.26851242;710.9894349;0.214562296;0.016548681;3
5.963540014;13.5130014;7.613502433;0.002492055;0.146483838;712.2127221;0.269292146;0.018973266;3
6.453820652;11.72013386;8.032851905;0.002026357;-0.134009843;720.0238234;0.24904896;0.016277425;3
6.406749915;12.57293881;9.019901605;0.001922353;-0.038444864;725.106728;0.312043606;0.017339432;3
6.765602948;15.38795229;10.11458808;0.002115401;0.013876391;719.183844;0.393736962;0.02139641;3
6.557219108;15.50543003;10.56065236;0.00204932;0.092800622;716.4458647;0.412431738;0.021642152;3
6.38533186;13.69158072;11.02808487;0.00173985;-0.17966936;713.5782231;0.406368938;0.019187218;3
2.70267766;8.602913038;1.908844211;0.006792974;-0.057906365;663.4605556;0.049127474;0.012966729;0
2.487956804;8.004168962;2.147782016;0.005663269;-0.049743814;658.049897;0.049646868;0.012163468;0
3.006165156;10.06941742;2.390855436;0.006381056;0.030362714;660.0220899;0.067149358;0.015256182;0
37.19743101;31.83082639;2.874745214;0.015576777;-0.007236837;710.8385164;0.256127189;0.044779265;0
2.966431256;8.920683992;2.617850663;0.005171278;-0.068626576;658.9544663;0.070019457;0.013537633;0
2.898870909;9.371717179;2.863953526;0.004948339;-0.03200981;661.2927395;0.078729787;0.014171813;0
2.43709959;8.552382406;2.838900606;0.004589676;0.041751832;656.3793603;0.07073143;0.013029633;0
2.683643485;8.334144296;2.762080448;0.004567264;-0.007937256;660.6457061;0.068733983;0.012615149;0
2.756298883;9.681856846;2.604791977;0.005652617;-0.067274886;657.5610144;0.071103788;0.014723891;0
2.89574797;8.787316821;2.492859293;0.005333437;-0.035597228;660.9236783;0.065126934;0.013295509;0
7.585168986;15.1423115;5.00521385;0.004118595;-0.004783887;734.5484589;0.202542006;0.020614449;3
6.818168435;14.95101913;5.721571921;0.003623751;-0.035914383;721.1026053;0.228632642;0.020733553;3
6.776334053;13.88336181;6.712493853;0.002865556;0.067220696;721.7748861;0.251937184;0.01923503;3
6.326974902;13.20023484;6.999058352;0.002638306;0.046843066;714.8531936;0.239718442;0.018465658;3
6.852402812;13.50244287;8.157785541;0.002288931;-0.236721921;723.1148692;0.283070997;0.018672611;3
7.214577862;16.49268962;9.154004624;0.002450022;-0.1724393;735.3777005;0.363555834;0.022427508;3
7.459700783;15.55066361;9.895568276;0.002154187;-0.121077203;729.4992737;0.421468852;0.021316901;3
8.204902502;17.34998082;8.687957603;0.002701994;-0.260935826;739.0893621;0.386706933;0.023474808;3
6.43244158;13.21197214;7.7464433;0.002359631;-0.133397542;722.805129;0.268798716;0.018278747;3
6.180314569;12.74623536;6.959296521;0.002560154;0.029166731;715.4026722;0.234714809;0.017816869;3
20.93121632;23.39261403;6.535573543;0.004255857;0.141332547;841.0232769;0.333584011;0.027814467;0
24.9626024;26.44865361;6.381271733;0.004883925;-0.030381056;848.647475;0.391731765;0.031165654;0
22.28148034;28.57665618;6.826326422;0.0047596;0.023344208;879.5366291;0.423803165;0.032490581;0
29.10452728;27.70905314;5.06210637;0.006474049;-0.414992251;845.5015841;0.301341953;0.032772326;0
27.55146426;23.43772664;4.792035866;0.005660121;0.0622439;864.1113439;0.252793721;0.027123503;0
30.99032523;29.38183652;4.302247871;0.007887306;-0.256637861;865.8742272;0.281775088;0.033933146;0
22.7109132;25.87411715;4.169849181;0.007757402;-0.372318573;799.8875179;0.248329938;0.032347195;0
22.08919641;21.88331584;5.22062268;0.004984232;0.256424033;840.9932893;0.270268505;0.026020797;0
27.97408236;32.01104811;5.608162565;0.006774935;0.47340665;842.5082115;0.368609544;0.037994939;0
25.99387283;27.70423324;7.519931566;0.004110117;-0.018691993;896.3510013;0.449662569;0.030907795;0
3.870384663;12.38759257;1.467571953;0.012666231;0.147287166;666.4078601;0.048594104;0.018588605;2
5.300702199;14.61618603;1.767868213;0.012112104;-0.018943523;682.5973218;0.062499317;0.021412604;2
8.649712513;17.45976202;1.781282098;0.014196076;0.572561135;690.4580605;0.077909112;0.025287216;2
9.352071115;17.01939908;1.915725681;0.012612186;0.543379029;704.4019257;0.081791031;0.024161489;2
7.737392489;16.2926498;2.265171147;0.010268119;0.361761191;700.4865836;0.094675173;0.023259046;2
10.87152444;18.52937041;2.266113447;0.011583644;0.241537123;705.8847735;0.112634395;0.026249851;2
7.094774032;18.29780971;2.326944971;0.011512771;0.334422907;683.0195554;0.104390829;0.026789584;2
9.013340805;18.49489003;2.378262941;0.011245882;0.307047278;691.5098399;0.125521372;0.026745664;2
12.28071071;20.45860245;2.303062313;0.01243309;0.251884441;714.4818269;0.119205117;0.028634182;2
7.37137003;17.56486961;2.12946168;0.011975871;0.289511938;688.7601446;0.094646116;0.025502157;2
2.485487213;8.848658934;2.627535545;0.00513324;0.044104207;656.0505717;0.06628878;0.01348777;1
3.33106064;12.3911859;2.781269767;0.006756102;0.143332183;659.4373644;0.095875829;0.018790543;1
2.511459379;8.623363202;2.461735778;0.005341906;-0.007959435;655.751102;0.06320009;0.01315036;1
3.242009863;10.06048477;2.388678218;0.00630011;0.029217759;668.5180697;0.069563244;0.015048935;1
2.232917324;7.732874709;2.165091835;0.005465221;0.005512832;653.5170057;0.048143292;0.011832706;1
2.33367922;9.483450008;2.057719192;0.007050993;0.046424136;653.6269982;0.051858098;0.014508963;1
2.360531738;9.250529452;1.870843592;0.007601668;0.048535065;650.4594495;0.049768664;0.014221531;1
2.96842012;10.73010362;1.651921444;0.009825843;0.144618014;661.0658529;0.049068465;0.01623152;1
2.993117423;9.260078528;1.523327865;0.009175943;0.016792519;662.4766527;0.042254886;0.01397797;1
2.578124233;9.43766803;1.218269724;0.011806242;-0.084638614;656.1597352;0.032178136;0.014383187;1
3.855718427;11.15062401;1.53595915;0.010983944;0.094729474;660.9386954;0.050014541;0.01687089;2
6.754591627;18.38863568;1.776759208;0.015062695;0.393986509;687.0972938;0.075769785;0.026762783;2
9.732283647;18.69208273;1.849688683;0.014511999;0.796170662;696.3567702;0.082012308;0.026842681;2
10.28620148;17.57116074;1.917443707;0.013042487;0.772864201;702.6149788;0.086600319;0.025008235;2
8.948003851;16.37628643;2.258855975;0.010202373;0.226051261;710.6008258;0.096197751;0.02304569;2
10.3598181;18.96073262;2.282187744;0.011703837;0.262566356;709.8645628;0.111450592;0.026710352;2
10.36027757;18.59374976;2.00873818;0.013285954;0.534467481;696.7081596;0.097965824;0.026688003;2
9.284002442;19.01588536;1.845888778;0.014845141;0.56670216;693.9476362;0.088714346;0.027402479;2
7.03596231;17.08465722;1.74004068;0.0144321;0.647254773;680.3264089;0.07157128;0.025112442;2
4.814723178;12.95425314;1.650522873;0.011580728;0.281693045;677.7272958;0.055838261;0.019114256;2
2.743008339;9.702805337;3.533335556;0.004209515;0.204334115;652.3495604;0.09393712;0.014873629;1
3.6661597;12.42995536;3.314464884;0.00565811;0.149335899;662.803442;0.115446003;0.018753607;1
5.268993558;14.87882829;3.344661756;0.006575511;0.390411661;676.5299033;0.133658499;0.021992861;1
2.723837464;9.509661483;2.658676299;0.005452126;0.279375563;656.0451203;0.072362407;0.014495438;1
3.391648203;10.93149674;2.579522755;0.006398412;0.300763587;662.3203426;0.076038026;0.016504848;1
2.76057256;9.388930369;2.184982618;0.006529161;0.384944032;658.1286345;0.060486734;0.014266102;1
2.784156855;10.30129229;2.183726015;0.007205595;0.411058607;654.6718883;0.064813524;0.015735046;1
3.628580225;12.79416971;2.581662565;0.007461746;0.345707684;664.1591752;0.083641471;0.01926371;1
3.080953618;9.688276629;2.88234812;0.005097083;0.271482317;659.4447075;0.08420138;0.014691568;1
3.706300127;12.9049248;3.294662662;0.005894567;0.332090287;664.4963852;0.106056559;0.019420609;1
2.612217354;8.89953463;1.274081207;0.010663694;0.011973737;655.0319814;0.033507808;0.013586412;1
3.049852933;10.45787751;1.543598511;0.010215948;0.04089312;663.1786381;0.04764918;0.015769322;1
4.68634791;15.2360223;1.728313112;0.013283337;0.007174267;663.654393;0.073011193;0.022957766;1
2.487697022;8.77902497;1.865632614;0.007160897;0.023431443;657.1321502;0.046031132;0.013359603;1
2.983470867;10.99782501;2.05409563;0.008098248;0.037896603;661.1424905;0.064793337;0.016634576;1
3.687525776;13.54757169;2.197263641;0.009302186;0.016953774;662.8179621;0.081841245;0.020439355;1
2.917250914;8.953943345;2.37795657;0.005687452;0.022638794;662.0529201;0.064129631;0.013524513;1
2.804064773;9.422337921;2.460208003;0.005800759;0.098302693;660.2403481;0.067744047;0.014271073;1
2.761021379;9.432224311;2.142962229;0.006714742;-0.033119219;655.4963779;0.05976645;0.014389438;1
2.55275676;9.256298174;2.059246346;0.006836318;-0.050887037;657.516714;0.057871117;0.014077662;1
7.97859115;17.0318316;11.29309579;0.002079048;-0.13584304;725.4105993;0.520372542;0.023478884;3
7.122080613;14.84344137;9.558471847;0.002147248;-0.152369113;723.2090843;0.386926511;0.020524412;3
6.931423545;15.36372723;8.725455675;0.002426805;-0.261657019;725.5603206;0.338335639;0.021174983;3
6.637850869;16.08145046;7.680408722;0.002912098;-0.076054594;719.0099091;0.319528624;0.022366104;3
7.379272015;15.66061737;6.960536993;0.003090291;-0.029872544;728.0592916;0.276275165;0.021510085;3
6.220109837;12.38954754;6.095316077;0.002850623;-0.051323167;713.049136;0.20326176;0.017375447;3
7.656569601;18.25507084;5.489437777;0.004611587;-0.097114842;721.1162653;0.243135501;0.025315017;3
7.156284766;17.31947331;5.891136959;0.004069326;-0.127279972;722.4587286;0.231969689;0.023972959;3
6.524776723;13.59770631;6.611070069;0.002878166;0.061787617;714.6247136;0.245472065;0.019027758;3
6.093542652;13.26498394;7.530000425;0.00245983;-0.001937716;716.1543769;0.266399553;0.01852252;3
31.12325809;29.8002049;5.040315133;0.006834072;-0.457751099;865.1312451;0.331101443;0.034445878;0
39.20237234;34.85562326;5.912628016;0.006432612;0.009623662;916.4418894;0.426519386;0.038033643;0
31.66725245;33.95828003;3.660208674;0.011765699;-0.037155697;788.5370767;0.286627808;0.043064912;0
27.15307837;32.02094868;3.785389672;0.009962711;-0.610753104;849.0750011;0.233668281;0.037712745;0
2.853707065;9.428620544;1.768292219;0.008063797;-0.164826146;661.2330287;0.049026635;0.014259149;0
2.773018984;10.1391911;1.718244888;0.008939331;-0.19965736;660.1053439;0.049034416;0.015359959;0
2.546767531;9.430181746;1.806609748;0.007933219;-0.119162144;657.9702767;0.047105744;0.014332231;0
2.61086312;9.945869892;2.068272809;0.007329598;-0.122772955;656.0769357;0.055522298;0.015159609;0
9.820343062;17.69624958;2.54615832;0.010017018;-0.10945784;693.8368703;0.127904336;0.025504914;0
2.632122045;9.100271233;2.364272736;0.005855559;-0.158328764;657.3375159;0.060014455;0.013844138;0
2.806642559;8.794671934;1.699658026;0.007865911;-0.108439855;657.8230597;0.043644518;0.013369358;0
2.50280076;7.42778448;1.825044512;0.006228142;-0.055395059;653.4724748;0.041108852;0.011366637;0
2.906138666;9.155382186;2.187733759;0.006337524;-0.039665848;660.3320863;0.06023816;0.013864815;0
2.812241116;8.250148442;2.290190742;0.005454;-0.066145716;660.5032297;0.055373711;0.012490701;0
2.74964002;8.787020837;2.45282278;0.005449125;-0.004352807;657.4287748;0.064938567;0.013365738;0
2.773236325;8.716348348;2.697069179;0.004883957;-0.004903599;661.7144777;0.068041983;0.013172371;0
2.930641838;10.14292894;2.863822431;0.005367332;-0.015431655;659.8707333;0.080812846;0.015371085;0
2.609959485;9.3860892;3.067339287;0.004655955;0.002566319;657.2250044;0.082604544;0.014281394;0
2.576772825;8.761440483;3.116324052;0.004281303;0.045233773;656.6847018;0.081137489;0.013341929;0
2.701808664;9.678939677;3.437150632;0.004269474;0.053853551;659.5608622;0.093186772;0.014674824;0
2.554943181;8.498327466;1.977710682;0.006554683;-0.09084049;655.5699269;0.049021915;0.012963266;0
2.538845703;8.916312163;2.313403021;0.005862322;-0.09804643;657.4524277;0.059642464;0.013561912;0
2.852319368;10.34926293;2.356858964;0.006691641;-0.069780741;656.2105404;0.066432919;0.015771254;0
2.779398155;9.365551095;2.51821766;0.005657356;-0.118292313;657.3952514;0.068963611;0.014246454;0
2.453224357;8.508063196;2.726308019;0.004763394;-0.001905038;655.1477809;0.069740924;0.012986479;0
3.157199189;10.12882246;2.64078337;0.005810139;-0.04663587;660.1455099;0.073376958;0.015343318;0
2.734032749;11.26662163;2.50514627;0.006849351;-0.102671279;656.61564;0.074337062;0.017158625;0
2.496602463;9.296892811;2.392307587;0.005931615;0.02252863;655.1607697;0.064185586;0.014190246;0
2.253390928;7.509022764;2.251930133;0.00511825;-0.056499089;651.4888818;0.051186005;0.011525942;0
2.814617106;8.874623027;1.977725821;0.006834268;-0.037802807;656.5863368;0.052725427;0.013516308;0
7.872204479;16.06846776;4.194824461;0.005343779;-0.035952245;716.8233768;0.169907396;0.022416216;3
6.99105928;13.1756848;4.83133644;0.003795794;0.100227929;718.461186;0.15846245;0.018338757;3
6.762622856;15.33111648;5.584974329;0.003843841;0.128478072;714.1463731;0.212214542;0.021467751;3
6.632140342;12.59152778;6.399750366;0.002721149;0.112306127;723.0412524;0.204708558;0.017414674;3
6.430137886;12.35334175;7.274010286;0.002348143;0.049780509;723.2458869;0.237731006;0.017080418;3
5.892294671;12.98445124;8.309806352;0.002180769;-0.068434053;716.5113117;0.275116718;0.018121767;3
5.832762241;12.99291301;9.553938943;0.001914989;-0.013996114;710.1626862;0.332495861;0.018295685;3
6.205280464;14.99074862;10.68691902;0.001966857;-0.000496561;713.1781879;0.402599016;0.02101964;3
5.864438227;13.02082269;11.58508414;0.001579484;-0.171544052;711.5802393;0.400950863;0.01829846;3
6.768603353;14.64793707;12.97355278;0.001577034;0.007890636;715.9396048;0.489489328;0.020459738;3
2.718885568;8.625789312;1.747424645;0.007508878;-0.064209107;657.3934162;0.044436265;0.013121198;0
2.694603441;10.01367541;1.870506926;0.008179807;-0.053931888;654.4721226;0.054364825;0.015300385;0
2.597974013;9.347797512;2.182722305;0.006548765;-2.21508E-05;653.9602801;0.058854132;0.014294137;0
2.89645569;9.983679161;2.326644705;0.0065169;0.082652362;658.4449719;0.070122954;0.015162511;0
2.610662006;9.064561947;2.392626947;0.005799919;-0.086926095;653.2056303;0.063783764;0.013877042;0
2.73062142;9.168474594;2.574256337;0.005409601;0.027978538;658.3851672;0.070938066;0.0139257;0
2.648696728;9.45435463;2.727466829;0.005307445;0.074401272;653.1108231;0.075487185;0.014475881;0
2.429858208;8.376158876;3.042575097;0.00420654;0.012741685;654.4532006;0.073191682;0.012798713;0
2.76047876;11.26838841;3.252839589;0.005293893;0.05095851;654.3709079;0.097030532;0.017220185;0
2.853598105;10.3905612;3.283023456;0.004805494;0.101617559;658.6079471;0.094335769;0.01577655;0
9.991296634;18.09220059;2.58826833;0.009888228;0.242142437;706.9091729;0.119575886;0.025593388;2
8.365443543;18.39791698;2.443416186;0.010857192;0.155414318;693.5115299;0.128864048;0.026528639;2
14.64852648;22.89699119;2.270950383;0.014185965;0.457696995;710.7418256;0.131268134;0.032215624;2
10.44072792;18.98165154;2.178928974;0.012209366;0.062421229;713.5062768;0.10748525;0.026603342;2
7.512540193;17.71120439;1.91406002;0.013628177;0.376741415;678.9765513;0.096754802;0.026085149;2
10.10392575;20.0205244;2.095582914;0.013714773;0.368659476;696.5975905;0.119414505;0.028740445;2
9.625856561;17.14729466;2.266736835;0.010640886;0.206555034;710.9134228;0.100250645;0.024120088;2
10.81276471;20.38354762;2.353536019;0.012327573;0.385590214;702.5566337;0.133065259;0.029013387;2
8.162209095;16.49308107;2.470910282;0.009680014;0.18213443;689.5548455;0.109364375;0.023918447;2
9.086549368;16.47104619;2.514000925;0.009451728;0.149315116;693.1776329;0.108578967;0.023761653;2
2.431292453;8.016126595;2.295822035;0.005317935;-0.006215857;656.5734908;0.05504893;0.012209032;0
2.595682192;8.937083513;2.372355385;0.00571502;-0.12296546;659.1713059;0.058804231;0.013558059;0
2.520901136;8.177159049;2.540349081;0.004900294;-0.025606714;656.8813743;0.06140683;0.012448456;0
2.770990723;9.869690491;2.746098833;0.005468395;0.00336141;657.2453201;0.080183206;0.015016753;0
2.567328809;8.372833183;2.920874983;0.00434723;-0.010127496;659.3968508;0.072022816;0.012697715;0
2.908531789;10.86325762;2.816892707;0.005827822;0.042043828;661.7340474;0.082101135;0.01641635;0
2.810815371;9.098954953;2.522223346;0.005496498;0.015512023;656.32945;0.067118359;0.013863396;0
2.912006744;9.058465467;2.530244857;0.005412816;-0.124363183;661.4070079;0.065452118;0.013695751;0
2.716285368;9.488033058;2.454295049;0.005883099;-0.044376477;657.1178327;0.068842087;0.014438861;0
2.587790028;9.024280596;2.204755966;0.006230671;-0.066416009;656.9272505;0.058882485;0.013737108;0
2.366171839;8.761203383;3.353594196;0.003980261;-0.012227067;656.359336;0.086459395;0.013348181;0
2.90252439;10.59176138;3.078415432;0.005236669;0.052401425;657.030987;0.089130598;0.016120642;0
2.505531381;8.896546757;2.851945891;0.004741253;0.058760875;657.9411729;0.072263593;0.013521797;0
2.665614061;10.39077323;2.763301004;0.00570658;-0.055411085;658.9367474;0.077008776;0.015768999;0
2.371960398;8.41641532;2.617666124;0.004933305;-0.077247953;651.7408769;0.064781298;0.012913745;0
2.556709883;9.258079047;2.358279485;0.005974327;0.009696516;657.1078517;0.065672438;0.014089132;0
2.495892028;8.053599165;2.077607651;0.005892178;-0.088962904;657.88597;0.048513456;0.012241634;0
2.774113659;9.827378333;1.848207692;0.00806432;-0.067603208;659.3547582;0.053559009;0.014904538;0
2.494782794;9.773702687;1.474526728;0.010101698;-0.090034379;656.1635633;0.040294255;0.014895223;0
2.482505491;7.887406306;1.231431196;0.009776888;-0.135675522;655.1238536;0.02950956;0.012039565;0
8.533833649;20.54399771;2.427508284;0.012323922;0.453635964;686.7130398;0.114920555;0.029916423;2
12.92623983;21.71259472;2.369810262;0.013051639;0.666969121;701.9935236;0.135366982;0.030929907;2
7.515159441;16.35930481;2.282053956;0.010376388;0.675457492;690.8642742;0.097823914;0.023679477;2
9.41358658;18.54681211;2.006768401;0.013404517;0.742313037;689.478709;0.096251551;0.02689976;2
7.858037801;18.26256515;1.879253026;0.014183821;0.60034116;685.1462308;0.086645883;0.026654989;2
5.995650289;15.04860167;1.810505757;0.012378576;0.233970191;671.4683288;0.067661488;0.022411484;2
3.78189047;11.78520614;1.62564655;0.0109412;0.620096369;662.5918521;0.05113248;0.017786524;2
4.558668368;12.65474888;1.392296006;0.013609709;0.839370863;667.8410623;0.041422468;0.018948743;2
5.819418493;14.99891486;1.245813285;0.018224567;0.382703626;660.6168609;0.047093445;0.022704408;2
2.480408412;8.876662712;1.152420466;0.011833806;0.599806545;650.9000379;0.030812289;0.013637521;2
2.803002373;9.131987559;2.51933912;0.005505202;0.025316139;658.4235987;0.069586791;0.013869472;1
2.246690898;8.252666946;2.588712154;0.004918068;-0.053556727;648.21041;0.064191693;0.012731463;1
2.440804337;8.704609194;2.486011668;0.005366817;0.082799474;652.4231264;0.065445823;0.013341969;1
2.610165073;9.230082219;2.259839174;0.006219664;-0.052341218;656.6910781;0.056509229;0.01405544;1
2.437987814;9.245079359;2.021812441;0.007005013;-0.00719148;652.7709352;0.053243354;0.014162823;1
2.613823467;8.657707291;1.920234419;0.006896568;0.006899219;653.7559205;0.05043808;0.013243027;1
2.486294902;8.447591456;1.770299694;0.007289808;0.101410059;654.5910102;0.044054411;0.012905144;1
2.612944852;9.024880723;1.592327856;0.008655467;0.016731415;654.8147976;0.041478777;0.013782341;1
2.441272125;8.349650294;1.515624041;0.008413052;-0.012741596;654.821951;0.038503757;0.012751024;1
2.491812231;8.448495453;1.189014804;0.010875274;-0.01394263;653.3590591;0.030582649;0.012930861;1
7.90921453;16.51039019;11.82643922;0.00192729;-0.256854812;724.3631939;0.533073826;0.022792972;3
7.418834329;14.1658437;10.83767902;0.001810918;-0.164713421;721.7843608;0.416259433;0.019626144;3
6.983052452;17.31155911;9.659053779;0.002488065;-0.225931111;720.3437598;0.427330614;0.024032358;3
8.469143337;17.29873885;8.694695995;0.002678257;-0.278027645;742.8614657;0.382379642;0.023286628;3
6.47065024;13.38633682;7.834549434;0.002361876;-0.048790693;723.4202782;0.274326695;0.018504232;3
6.864873176;14.17519019;7.061645917;0.002758444;0.059543245;727.710676;0.257080008;0.019479157;3
6.179243863;14.13140705;6.08432346;0.003245913;-0.032563731;715.5438621;0.233180854;0.019749184;3
6.475292211;15.03968869;5.464904471;0.003848355;-0.145790633;715.1236117;0.222371867;0.021030894;3
6.938953954;13.31254005;4.527485874;0.004038002;-0.0491849;728.1775347;0.162886022;0.018281998;3
7.819051394;14.536593;3.838563023;0.005194603;-0.02948555;729.0235406;0.148413346;0.019939813;3
2.502661461;7.724928211;1.334209376;0.008844464;0.018642191;654.6346037;0.031247354;0.011800366;1
2.475145962;8.295775034;1.518299243;0.008322265;0.306288496;656.5352321;0.036315052;0.012635689;1
2.619102967;9.129626987;1.611896786;0.008625148;0.10561177;656.6731232;0.043411294;0.013902849;1
2.626059684;9.236030877;1.647550689;0.008555728;-0.002772894;655.2237391;0.045550484;0.014095995;1
2.935083978;11.8711834;1.740473592;0.010300584;0.106444169;662.1627552;0.052670765;0.017927894;1
2.496436731;9.369930144;1.848370485;0.007761924;0.011084981;653.0973417;0.049579378;0.014346912;1
2.774306648;9.35023086;1.976206838;0.007212984;0.035016455;655.9563861;0.053220889;0.014254348;1
2.922228463;9.695663743;2.142424816;0.006888261;-0.020309059;656.9954473;0.061342566;0.014757581;1
3.46217526;14.1154637;2.436720018;0.008715426;-0.032077171;664.6620456;0.087687274;0.021237054;1
2.690228902;8.594454652;2.332266112;0.005607651;-0.04028882;657.1420005;0.060028256;0.013078535;1
