principal component 1;principal component 2;load;failure
-1.04;-1.37;0;0
-0.25;-1.20;0;0
-1.43;-1.18;0;0
-0.66;-1.11;0;0
-0.23;-0.90;0;0
-0.96;-1.09;0;0
-1.28;-1.40;0;0
-0.98;-1.25;0;0
-0.82;-1.27;0;0
-0.25;-1.15;0;0
-0.75;-1.14;0;0
0.09;-1.28;0;0
-0.58;-1.25;0;0
0.72;-0.71;0;0
-0.90;-1.47;0;0
-1.15;-1.30;0;0
-1.13;-1.39;0;0
-1.36;-1.47;0;0
0.16;-0.89;0;0
-0.58;-1.19;0;0
-0.43;-0.99;0;0
0.08;-0.99;0;0
0.10;-0.76;0;0
-0.53;-1.32;0;0
-0.68;-0.83;0;0
-0.22;-1.15;0;0
-0.83;-1.23;0;0
-0.84;-1.02;0;0
-1.34;-1.26;0;0
-0.49;-1.39;0;0
0.18;-0.48;0;0
-1.72;-1.51;0;0
-1.31;-1.39;0;0
-0.35;-0.98;0;0
-1.09;-1.51;0;0
-0.22;-1.25;0;0
-0.67;-1.17;0;0
0.39;-1.18;0;0
-0.24;-1.01;0;0
-0.12;-0.76;0;0
-0.86;-1.23;0;0
-0.34;-1.09;0;0
-0.64;-1.02;0;0
-1.16;-1.27;0;0
-0.05;-1.04;0;0
0.13;-1.06;0;0
-0.56;-1.01;0;0
0.31;-0.79;0;0
-0.27;-1.30;0;0
-0.77;-1.27;0;0
-1.09;-0.88;0;0
-0.86;-1.30;0;0
-0.40;-1.20;0;0
-0.98;-0.96;0;0
-1.19;-1.36;0;0
-0.16;-1.10;0;0
-0.28;-0.59;0;0
-0.40;-1.46;0;0
-0.92;-0.80;0;0
0.26;-1.29;0;0
-0.83;-1.65;0;0
-0.12;-0.94;0;0
-0.29;-1.22;0;0
0.45;-0.85;0;0
0.32;-0.91;0;0
0.29;-0.83;0;0
-1.18;-1.16;0;0
-0.19;-1.03;0;0
-0.16;-1.15;0;0
-0.16;-1.15;0;0
-0.29;-0.92;0;0
-0.93;-1.22;0;0
-0.54;-1.24;0;0
-0.29;-0.43;0;0
-0.63;-1.52;0;0
-0.51;-1.47;0;0
-1.43;-1.15;0;0
-0.88;-1.42;0;0
0.13;-1.30;0;0
-0.80;-1.16;0;0
0.10;-1.03;0;0
0.52;-1.00;0;0
-0.49;-0.82;0;0
-0.71;-1.53;0;0
-1.07;-1.26;0;0
-0.77;-1.25;0;0
-0.45;-1.02;0;0
-0.10;-1.16;0;0
-0.72;-1.25;10;0
0.17;-0.83;10;0
-1.02;-1.51;10;0
-0.67;-1.26;10;0
-0.37;-0.97;10;0
-1.52;-1.38;10;0
-0.38;-0.94;10;0
-0.06;-0.65;10;0
-0.58;-1.07;10;0
-0.93;-1.11;10;0
-0.38;-1.21;10;0
-1.31;-1.12;10;0
-0.67;-1.17;10;0
-0.54;-1.25;10;0
-1.00;-1.16;10;0
0.60;-0.78;10;0
0.18;-1.13;10;0
-1.36;-1.15;10;0
-1.11;-0.92;10;0
0.01;-1.22;10;0
-0.32;-1.16;10;0
0.33;-1.09;10;0
0.24;-1.13;10;0
-0.46;-0.88;10;0
-0.57;-0.49;10;0
-0.79;-1.37;10;0
-0.36;-1.06;10;0
-0.78;-1.24;10;0
-0.84;-1.50;10;0
-0.12;-1.10;10;0
0.22;-1.52;10;0
0.23;-0.98;10;0
0.66;-0.62;10;0
-0.44;-0.88;10;0
-0.91;-1.02;10;0
-1.27;-0.92;10;0
-0.48;-1.02;10;0
-0.67;-1.19;10;0
0.24;-0.87;10;0
-1.08;-1.46;10;0
-0.76;-1.27;10;0
0.65;-0.34;10;0
-0.55;-1.21;10;0
-1.03;-1.32;10;0
-0.38;-0.83;10;0
-0.11;-1.29;10;0
-0.50;-0.57;10;0
-0.53;-1.06;10;0
0.00;-1.05;10;0
0.13;-0.99;10;0
0.45;-0.89;10;0
-0.80;-1.35;10;0
-0.96;-1.26;10;0
-0.01;-0.95;10;0
-1.65;-1.42;10;0
-0.37;-1.23;10;0
-1.31;-1.40;10;0
-0.42;-0.97;10;0
0.44;-0.93;10;0
0.33;-0.74;10;0
-0.34;-1.23;10;0
-1.17;-1.12;10;0
0.47;-0.87;10;0
-1.24;-1.28;10;0
0.15;-1.07;10;0
-0.62;-1.05;10;0
-0.09;-1.04;10;0
0.70;-0.54;10;0
-0.35;-1.37;10;0
-0.04;-1.21;10;0
-0.60;-1.27;10;0
-0.09;-1.45;10;0
0.40;-0.67;10;0
-0.74;-1.34;10;0
-0.44;-1.05;10;0
-0.26;-1.00;10;0
-0.56;-0.91;10;0
-1.12;-1.44;10;0
-0.56;-1.20;10;0
-0.63;-1.27;10;0
-1.13;-1.55;10;0
0.29;-0.85;10;0
-1.12;-1.39;10;0
0.00;-1.35;10;0
0.44;-0.06;10;0
-0.58;-1.36;10;0
-0.42;-1.37;10;0
-0.63;-0.87;10;0
-0.67;-1.04;10;0
-0.62;-1.11;10;0
-0.08;-1.11;10;0
-1.22;-1.14;10;0
-0.03;-1.21;20;0
0.47;-0.93;20;0
1.33;-0.70;20;0
0.01;-0.78;20;0
0.04;-1.16;20;0
-0.24;-0.83;20;0
0.14;-1.31;20;0
-0.11;-1.14;20;0
1.00;-0.52;20;0
-1.27;-1.24;20;0
0.36;-1.23;20;0
0.26;-0.19;20;0
-0.35;-1.43;20;0
-0.68;-1.39;20;0
-0.09;-0.84;20;0
-0.36;-1.36;20;0
-0.10;-0.83;20;0
-0.54;-0.82;20;0
0.33;-0.82;20;0
1.33;-0.75;20;0
0.51;-0.82;20;0
0.88;-1.14;20;0
0.92;-0.90;20;0
0.05;-1.06;20;0
-1.19;-0.99;20;0
-0.63;-1.18;20;0
-1.17;-1.09;20;0
-0.66;-1.36;20;0
0.57;-0.46;20;0
-0.60;-1.09;20;0
-0.71;-1.00;20;0
0.07;-0.95;20;0
-0.52;-1.14;20;0
-0.84;-1.26;20;0
0.13;-0.91;20;0
0.13;-0.73;20;0
-0.87;-0.94;20;0
0.50;-0.27;20;0
0.25;-1.05;20;0
-1.24;-0.99;20;0
0.72;-1.01;20;0
-1.00;-1.10;20;0
-0.76;-1.11;20;0
-0.35;-1.19;20;0
0.46;-1.13;20;0
0.11;-0.92;20;0
-0.02;-0.24;20;0
0.06;-1.07;20;0
1.14;-0.68;20;0
0.43;-1.14;20;0
-0.79;-1.25;20;0
0.04;-1.08;20;0
-0.86;-1.14;20;0
-0.36;-1.23;20;0
0.06;-0.48;20;0
-0.49;-1.19;20;0
-0.37;-1.20;20;0
0.13;-0.91;20;0
-0.71;-1.21;20;0
-0.32;-0.96;20;0
0.06;-0.73;20;0
-0.21;-1.02;20;0
-0.02;-1.15;20;0
-0.14;-0.54;20;0
0.36;-0.80;20;0
0.54;-0.97;20;0
-0.82;-0.90;20;0
-0.93;-1.14;20;0
0.07;-1.08;20;0
-0.43;-0.87;20;0
0.11;-1.19;20;0
0.92;-0.65;20;0
-0.39;-1.13;20;0
-0.76;-1.13;20;0
0.38;-0.70;20;0
0.50;-0.91;20;0
-0.20;-1.06;20;0
0.00;-1.00;20;0
0.23;-1.08;20;0
0.46;-0.87;20;0
-0.04;-0.52;20;0
-0.07;-1.28;20;0
-0.44;-1.07;20;0
0.40;-1.22;20;0
-0.67;-1.29;20;0
-0.50;-1.03;20;0
-0.57;-1.13;20;0
0.33;-1.20;20;0
0.97;-0.51;20;0
-0.16;-0.70;20;0
0.11;-0.87;20;0
0.39;-0.91;20;0
0.84;-1.06;20;0
-0.53;-1.28;20;0
1.09;-0.74;20;0
-0.61;-1.06;20;0
0.30;-1.27;20;0
0.72;0.01;20;0
-0.45;-1.34;20;0
-0.43;-1.20;20;0
-0.61;-0.81;20;0
0.39;-1.27;20;0
-0.88;-0.97;20;0
0.20;-0.82;20;0
-0.50;-0.93;20;0
-0.12;-0.79;20;0
0.31;-0.54;20;0
0.59;-1.09;20;0
0.46;-1.00;30;0
0.77;-1.02;30;0
0.83;-0.76;30;0
2.02;-0.60;30;0
0.91;-0.64;30;0
0.39;-0.73;30;0
-0.53;-0.76;30;0
0.37;-0.55;30;0
0.82;-0.81;30;0
0.42;-0.77;30;0
0.25;-0.84;30;0
0.58;-0.39;30;0
0.36;-0.75;30;0
1.11;-0.59;30;0
0.68;-0.97;30;0
0.00;-0.79;30;0
0.16;-0.98;30;0
1.20;-0.69;30;0
1.15;-0.93;30;0
0.30;-0.99;30;0
0.99;-0.59;30;0
0.43;-0.67;30;0
0.51;-1.24;30;0
1.12;-0.71;30;0
0.35;-0.53;30;0
-0.66;-0.94;30;0
0.19;-1.01;30;0
0.80;-0.66;30;0
2.09;-0.44;30;0
0.46;-0.59;30;0
1.63;-0.20;30;0
1.49;-1.09;30;0
-0.20;-0.60;30;0
0.47;-0.76;30;0
0.85;-0.57;30;0
0.44;-0.97;30;0
0.78;-0.68;30;0
1.05;-0.30;30;0
-0.31;-0.88;30;0
0.60;-0.74;30;0
1.05;-0.72;30;0
0.74;-0.85;30;0
-0.06;-0.84;30;0
1.15;-0.71;30;0
1.07;-0.82;30;0
0.25;-0.44;30;0
0.83;-0.31;30;0
1.21;-0.70;30;0
1.23;-0.83;30;0
0.67;-0.63;30;0
0.43;-0.83;30;0
1.38;-0.91;30;0
0.21;-0.71;30;0
1.25;-0.88;30;0
0.82;-0.31;30;0
0.34;-0.53;30;0
1.13;-0.53;30;0
1.00;-0.75;30;0
1.68;-0.47;30;0
0.92;-1.00;30;0
1.55;-0.58;30;0
1.20;-0.88;30;0
1.66;-0.83;30;0
0.95;-0.12;30;0
0.94;-0.54;30;0
0.93;-1.08;30;0
0.74;-0.73;30;0
0.71;-0.90;30;0
0.34;-0.77;30;0
0.05;-0.78;30;0
1.36;-0.85;30;0
0.97;-0.73;30;0
0.51;-0.63;30;0
0.98;-0.52;30;0
0.37;-0.43;30;0
0.39;-1.06;30;0
1.30;-0.66;30;0
0.84;-0.30;30;0
0.36;-0.91;30;0
0.64;-0.91;30;0
1.89;-0.34;30;0
0.74;-0.79;30;0
0.08;-0.80;30;0
0.68;-0.72;30;0
1.98;-0.58;30;0
-0.09;-0.93;30;0
0.27;-0.80;30;0
1.21;-0.89;30;0
0.94;-0.63;30;0
1.25;-0.60;30;0
0.23;-0.75;30;0
1.14;-0.81;30;0
2.02;-0.63;30;0
0.28;-0.58;30;0
1.33;-0.64;30;0
0.12;-0.67;30;0
1.24;-0.67;30;0
1.76;-0.23;30;0
0.98;-0.74;30;0
1.03;-0.68;30;0
0.76;-0.88;30;0
0.95;-0.75;30;0
1.13;-0.85;30;0
0.70;-0.37;30;0
1.45;-0.75;30;0
0.92;-0.46;30;0
1.51;-0.41;40;0
1.87;-0.05;40;0
1.08;-0.30;40;0
2.10;-0.57;40;0
0.98;-0.39;40;0
1.41;-0.24;40;0
1.94;-0.34;40;0
0.88;-0.82;40;0
2.74;-0.66;40;0
1.73;-0.25;40;0
3.24;-0.24;40;0
1.79;-0.24;40;0
2.11;-0.37;40;0
1.41;-0.40;40;0
1.02;-0.40;40;0
0.65;-0.45;40;0
1.48;-0.50;40;0
1.54;-0.55;40;0
1.21;-0.06;40;0
1.45;-0.55;40;0
1.73;-0.74;40;0
2.72;-0.21;40;0
1.79;-0.32;40;0
1.42;-0.33;40;0
0.88;-0.67;40;0
2.20;-0.29;40;0
1.38;-0.47;40;0
2.64;0.04;40;0
0.35;-0.23;40;0
2.03;-0.87;40;0
1.45;-0.14;40;0
0.69;-0.15;40;0
0.57;-0.64;40;0
1.01;-0.78;40;0
3.71;-0.45;40;0
1.15;-0.12;40;0
1.82;-0.41;40;0
1.49;-0.37;40;0
1.81;-0.34;40;0
1.78;-0.22;40;0
2.53;-0.10;40;0
1.64;-0.26;40;0
1.14;-0.52;40;0
1.55;-0.50;40;0
2.08;0.35;40;0
0.58;-0.85;40;0
1.18;-0.65;40;0
2.45;-0.75;40;0
1.44;-0.55;40;0
1.32;-0.38;40;0
0.08;-0.74;40;0
2.63;-0.18;40;0
1.55;-0.13;40;0
1.76;-0.04;40;0
2.15;-0.21;40;0
1.71;-0.51;40;0
0.37;-0.50;40;0
0.81;-0.71;40;0
1.18;-0.53;40;0
0.49;-0.55;40;0
0.92;-0.39;40;0
2.11;0.10;40;0
1.42;-0.13;40;0
1.73;-0.36;40;0
1.99;-0.55;40;0
2.29;-0.53;40;0
1.08;-0.49;40;0
1.28;-0.74;40;0
2.55;-0.46;40;0
1.25;-0.47;40;0
2.11;0.12;40;0
1.97;-0.27;40;0
1.59;-0.68;40;0
1.22;-0.40;40;0
0.30;-0.68;40;0
2.64;-0.26;40;0
0.86;-0.92;40;0
2.00;-0.61;40;0
1.85;0.06;40;0
1.79;-0.20;40;0
2.12;-0.23;40;0
1.96;-0.11;40;0
1.40;-0.16;40;0
2.97;-0.52;40;0
1.38;-0.45;40;0
1.14;-0.75;40;0
0.59;-0.93;40;0
1.09;-0.37;40;0
0.73;-0.68;40;0
1.20;-0.92;40;0
1.63;-0.33;40;0
1.13;-0.45;40;0
1.77;-0.24;40;0
1.35;-0.70;40;0
3.54;-0.50;40;0
1.66;-0.51;40;0
2.18;-0.18;40;0
1.50;-0.44;40;0
1.41;-0.31;40;0
1.34;-0.44;40;0
1.27;-0.19;50;0
2.54;-0.70;50;0
2.85;-0.19;50;0
0.83;-0.40;50;0
1.66;-0.56;50;0
0.73;-0.68;50;0
0.60;0.02;50;0
1.28;-0.29;50;0
2.36;-0.09;50;0
0.24;-0.44;50;0
2.18;-0.31;50;0
1.42;-0.30;50;0
1.77;0.17;50;0
1.02;-0.32;50;0
0.58;-0.13;50;0
1.43;-0.38;50;0
1.38;-0.05;50;0
1.34;-0.51;50;0
0.86;-0.43;50;0
2.13;0.23;50;0
1.09;-0.09;50;0
2.34;-0.15;50;0
1.13;-0.26;50;0
1.40;-0.18;50;0
1.29;-0.45;50;0
2.54;-0.16;50;0
0.41;-0.54;50;0
2.58;-0.13;50;0
1.45;-0.18;50;0
3.10;0.37;50;0
1.77;-0.34;50;0
1.57;-0.13;50;0
2.01;-0.36;50;0
2.58;-0.08;50;0
2.26;0.08;50;0
0.81;-0.45;50;0
2.78;0.04;50;0
1.71;0.29;50;0
1.80;0.15;50;0
1.54;-0.25;50;0
0.84;-0.42;50;0
1.54;-0.13;50;0
1.45;-0.47;50;0
0.71;-0.32;50;0
0.07;-0.54;50;0
1.33;-0.35;50;0
1.94;0.06;50;0
0.63;-0.16;50;0
0.24;-0.79;50;0
0.85;-0.09;50;0
1.33;-0.39;50;0
2.81;-0.18;50;0
0.72;-0.56;50;0
1.62;-0.34;50;0
1.53;-0.35;50;0
1.53;-0.02;50;0
0.97;-0.16;50;0
0.66;-0.22;50;0
0.99;-0.31;50;0
1.78;-0.07;50;0
2.28;0.15;50;0
0.49;-0.64;50;0
2.56;-0.12;50;0
2.27;0.06;50;0
2.60;-0.22;50;0
1.25;-0.29;50;0
1.50;-0.09;50;0
1.50;0.05;50;0
1.78;-0.20;50;0
1.23;-0.30;50;0
1.29;-0.32;50;0
1.85;-0.22;50;0
0.92;-0.15;50;0
1.89;-0.46;50;0
1.08;-0.40;50;0
2.16;0.22;50;0
1.98;-0.10;50;0
1.98;0.08;50;0
0.32;-0.40;50;0
3.40;0.13;50;0
2.76;-0.22;50;0
2.51;-0.05;50;0
1.06;-0.30;50;0
1.10;-0.49;50;0
1.14;-0.56;50;0
1.70;-0.23;50;0
1.94;-0.29;50;0
0.43;-0.84;50;0
2.90;-0.11;50;0
1.15;-0.33;50;0
2.38;-0.28;50;0
1.09;-0.40;50;0
0.84;-0.01;50;0
1.26;-0.37;50;0
2.15;-0.37;50;0
1.66;-0.46;50;0
1.79;-0.38;50;0
1.16;-0.03;50;0
2.67;0.21;50;0
1.71;-0.28;50;0
0.89;-0.28;50;0
1.45;0.00;50;0
1.94;-0.31;50;0
3.24;-0.03;50;0
1.31;-0.61;50;0
3.43;0.30;50;0
2.06;-0.29;50;0
2.57;0.08;50;0
1.85;-0.46;50;0
1.45;-0.17;50;0
2.40;-0.12;60;0
1.30;-0.06;60;0
1.84;0.23;60;0
1.94;0.11;60;0
2.34;0.06;60;0
1.29;-0.63;60;0
2.81;0.28;60;0
3.19;0.40;60;0
3.42;0.26;60;0
1.99;-0.27;60;0
1.56;0.05;60;0
3.22;0.15;60;0
3.17;-0.14;60;0
1.79;-0.09;60;0
0.79;0.00;60;0
2.46;0.17;60;0
1.21;-0.24;60;0
1.65;-0.30;60;0
1.50;0.00;60;0
1.85;0.00;60;0
2.09;0.14;60;0
1.93;0.01;60;0
1.99;-0.17;60;0
4.07;0.17;60;0
3.02;-0.06;60;0
3.94;0.59;60;0
1.81;-0.28;60;0
1.90;-0.07;60;0
1.09;-0.37;60;0
2.06;-0.49;60;0
3.15;0.09;60;0
1.62;-0.44;60;0
3.18;0.01;60;0
2.06;-0.03;60;0
2.48;0.22;60;0
3.16;0.26;60;0
2.23;-0.04;60;0
2.87;0.12;60;0
3.61;0.44;60;0
2.72;-0.01;60;0
1.85;-0.19;60;0
2.93;0.20;60;0
2.96;0.38;60;0
2.30;-0.11;60;0
1.49;-0.08;60;0
2.25;0.31;60;0
2.15;-0.25;60;0
3.56;0.23;60;0
2.20;-0.35;60;0
2.44;0.20;60;0
2.32;-0.19;60;0
2.43;0.02;60;0
3.21;-0.12;60;0
0.90;-0.25;60;0
1.86;-0.02;60;0
2.52;-0.07;60;0
2.45;0.08;60;0
0.85;-0.66;60;0
3.33;0.34;60;0
2.86;0.29;60;0
2.90;0.11;60;0
1.26;-0.17;60;0
2.66;-0.02;60;0
3.18;0.35;60;0
2.89;-0.11;60;0
1.40;-0.08;60;0
2.61;-0.01;60;0
1.17;-0.26;60;0
2.67;0.17;60;0
1.39;-0.58;60;0
1.44;-0.33;60;0
1.77;0.14;60;0
1.88;-0.23;60;0
2.93;0.34;60;0
1.25;-0.08;60;0
2.78;0.27;60;0
2.93;0.21;60;0
3.69;0.50;60;0
2.91;0.01;60;0
2.95;0.22;60;0
3.22;-0.07;60;0
3.33;-0.13;60;0
1.72;-0.38;60;0
1.57;-0.12;60;0
3.29;0.17;60;0
1.69;-0.04;60;0
2.84;-0.15;60;0
2.18;-0.50;60;0
2.15;0.09;60;0
3.27;-0.30;60;0
2.36;0.17;60;0
1.69;-0.24;60;0
2.44;0.04;60;0
3.43;0.46;60;0
2.53;0.60;60;0
1.89;0.14;60;0
1.58;-0.02;60;0
2.42;0.00;60;0
1.97;-0.26;60;0
2.22;0.28;70;0
2.56;0.12;70;0
2.40;0.06;70;0
2.01;-0.01;70;0
2.20;-0.31;70;0
2.98;-0.43;70;0
1.86;0.11;70;0
1.77;-0.36;70;0
3.06;0.18;70;0
2.44;0.13;70;0
2.83;0.23;70;0
1.99;-0.20;70;0
2.83;-0.24;70;0
2.27;-0.20;70;0
2.35;-0.02;70;0
1.56;-0.05;70;0
2.32;0.10;70;0
2.53;0.09;70;0
3.15;0.23;70;0
2.47;-0.28;70;0
1.91;-0.31;70;0
2.23;-0.39;70;0
1.62;-0.13;70;0
3.41;0.20;70;0
1.49;-0.67;70;0
3.53;0.40;70;0
2.27;0.30;70;0
2.76;-0.06;70;0
2.30;0.27;70;0
2.87;0.34;70;0
3.04;0.07;70;0
3.10;0.04;70;0
1.49;0.03;70;0
2.35;0.03;70;0
2.45;0.07;70;0
1.78;0.25;70;0
1.95;0.02;70;0
1.32;-0.21;70;0
2.45;0.03;70;0
2.14;-0.37;70;0
2.96;0.19;70;0
2.46;-0.23;70;0
3.24;0.40;70;0
2.30;-0.11;70;0
3.23;0.26;70;0
2.47;0.19;70;0
2.49;0.11;70;0
4.14;0.33;70;0
1.77;0.00;70;0
2.59;0.16;70;0
1.53;-0.32;70;0
3.96;0.35;70;0
1.87;-0.16;70;0
2.76;-0.36;70;0
1.72;-0.25;70;0
2.37;0.02;70;0
2.45;-0.12;70;0
3.23;0.15;70;0
2.12;-0.18;70;0
3.29;0.12;70;0
2.14;-0.17;70;0
2.42;0.25;70;0
2.36;-0.51;70;0
2.07;0.07;70;0
1.47;0.17;70;0
1.79;-0.12;70;0
2.84;0.51;70;0
1.47;-0.05;70;0
3.26;0.44;70;0
2.24;0.24;70;0
3.06;-0.08;70;0
2.14;-0.04;70;0
2.07;-0.07;70;0
2.20;-0.26;70;0
2.15;-0.30;70;0
2.28;-0.21;70;0
1.66;-0.14;70;0
2.32;0.21;70;0
2.13;0.13;70;0
3.44;-0.13;70;0
2.54;-0.07;70;0
3.15;0.22;70;0
2.13;0.02;70;0
3.49;0.35;70;0
1.42;0.10;70;0
3.18;0.19;70;0
2.71;0.32;70;0
3.22;0.04;70;0
2.33;-0.27;70;0
1.50;-0.22;70;0
2.44;-0.47;70;0
1.76;-0.70;70;0
2.79;0.10;70;0
2.05;-0.54;70;0
3.33;0.27;70;0
2.05;0.08;70;0
3.37;0.23;70;0
2.53;0.01;70;0
2.22;0.20;70;0
2.60;-0.07;70;0
2.75;-0.13;70;0
1.81;-0.11;80;0
2.58;0.25;80;0
3.62;0.09;80;0
1.88;0.12;80;0
2.45;0.25;80;0
1.64;-0.27;80;0
2.59;0.16;80;0
1.25;-0.10;80;0
2.09;0.20;80;0
2.82;0.04;80;0
2.96;0.14;80;0
2.34;-0.12;80;0
2.22;-0.24;80;0
2.63;-0.32;80;0
2.25;-0.19;80;0
2.41;0.15;80;0
1.77;-0.39;80;0
3.14;-0.15;80;0
1.92;0.03;80;0
4.23;0.52;80;0
2.34;0.17;80;0
3.10;0.53;80;0
2.47;-0.07;80;0
3.16;0.17;80;0
2.01;-0.02;80;0
2.73;-0.28;80;0
2.84;-0.05;80;0
2.74;0.20;80;0
2.21;-0.17;80;0
2.51;-0.01;80;0
3.03;0.04;80;0
2.26;-0.28;80;0
3.27;0.43;80;0
1.43;-0.10;80;0
2.88;0.14;80;0
2.12;-0.06;80;0
3.93;0.50;80;0
2.11;0.22;80;0
2.22;0.09;80;0
1.66;-0.12;80;0
2.64;0.24;80;0
2.55;0.21;80;0
2.20;-0.40;80;0
3.80;0.21;80;0
2.66;-0.26;80;0
2.67;-0.12;80;0
2.26;-0.09;80;0
1.59;-0.03;80;0
2.20;-0.13;80;0
3.03;0.04;80;0
1.86;-0.10;80;0
3.10;-0.03;80;0
2.20;-0.04;80;0
4.13;0.05;80;0
2.20;-0.11;80;0
2.04;-0.57;80;0
2.77;0.39;80;0
1.95;-0.40;80;0
2.24;0.01;80;0
1.46;-0.06;80;0
2.90;0.01;80;0
3.55;0.17;80;0
3.00;0.15;80;0
2.71;-0.04;80;0
2.97;0.06;80;0
2.29;-0.12;80;0
3.43;0.32;80;0
1.46;0.25;80;0
1.36;-0.17;80;0
3.22;0.21;80;0
2.46;0.24;80;0
4.67;-0.13;80;0
2.21;-0.13;80;0
2.51;0.22;80;0
2.24;-0.34;80;0
2.25;0.13;80;0
1.33;0.09;80;0
2.57;0.01;80;0
2.47;-0.03;80;0
2.99;0.20;80;0
2.56;-0.21;80;0
3.13;0.12;80;0
3.19;-0.21;80;0
2.83;-0.10;80;0
2.11;0.33;80;0
1.60;-0.28;80;0
2.50;-0.18;80;0
2.14;0.38;80;0
3.86;0.22;80;0
1.93;0.05;80;0
2.35;0.13;80;0
2.47;-0.07;80;0
3.01;-0.12;80;0
1.99;-0.19;80;0
2.83;-0.01;80;0
3.17;-0.26;80;0
3.02;-0.02;80;0
3.30;-0.26;80;0
1.96;0.05;80;0
1.59;-0.05;90;0
3.19;0.29;90;0
2.36;0.09;90;0
1.78;0.00;90;0
1.87;-0.30;90;0
1.90;-0.16;90;0
1.52;-0.20;90;0
2.08;-0.38;90;0
2.26;-0.13;90;0
2.52;0.13;90;0
4.26;-0.19;90;0
1.49;0.25;90;0
2.45;0.28;90;0
2.37;0.03;90;0
3.41;0.16;90;0
1.88;-0.02;90;0
3.05;0.05;90;0
2.15;-0.10;90;0
3.24;0.23;90;0
1.86;-0.05;90;0
2.28;0.28;90;0
2.02;0.00;90;0
2.99;0.38;90;0
3.11;0.54;90;0
2.46;-0.07;90;0
3.11;0.24;90;0
2.23;-0.06;90;0
4.28;-0.25;90;0
2.00;0.23;90;0
1.97;0.35;90;0
1.95;0.29;90;0
3.66;0.35;90;0
1.49;0.22;90;0
2.49;0.07;90;0
2.21;-0.02;90;0
2.67;0.25;90;0
2.78;0.00;90;0
2.08;-0.10;90;0
2.51;0.20;90;0
2.27;-0.25;90;0
2.64;-0.03;90;0
2.03;-0.10;90;0
2.81;-0.13;90;0
2.45;0.00;90;0
2.92;0.06;90;0
3.10;-0.13;90;0
1.76;-0.34;90;0
1.77;-0.12;90;0
1.66;-0.30;90;0
2.43;-0.02;90;0
1.13;-0.27;90;0
2.63;0.31;90;0
2.01;-0.11;90;0
3.38;0.29;90;0
3.32;0.00;90;0
3.11;0.19;90;0
2.98;-0.07;90;0
3.69;0.36;90;0
2.55;0.27;90;0
2.71;-0.09;90;0
2.32;0.01;90;0
2.44;0.49;90;0
2.84;-0.06;90;0
2.21;0.30;90;0
2.29;0.27;90;0
2.46;-0.18;90;0
3.29;0.33;90;0
0.92;0.08;90;0
3.07;0.03;90;0
2.11;0.08;90;0
3.58;0.34;90;0
3.02;0.24;90;0
2.04;-0.06;90;0
2.83;0.03;90;0
2.33;0.22;90;0
1.54;0.03;90;0
1.89;-0.24;90;0
2.37;0.16;90;0
1.35;-0.08;90;0
5.05;-0.43;90;0
1.81;-0.09;90;0
2.37;0.17;90;0
2.13;0.16;90;0
2.64;0.15;90;0
1.88;0.09;90;0
2.81;0.07;90;0
2.19;0.00;90;0
3.30;0.08;90;0
2.01;-0.31;90;0
3.27;-0.07;90;0
2.15;0.02;90;0
2.41;-0.30;90;0
3.09;0.03;90;0
2.17;0.01;90;0
3.83;0.28;90;0
2.85;0.01;90;0
3.69;-0.10;90;0
2.65;-0.06;90;0
2.95;-0.04;90;0
2.45;0.26;90;0
3.36;0.24;90;0
2.08;0.10;90;0
2.10;-0.11;90;0
2.84;0.14;90;0
2.60;-0.16;90;0
3.28;0.07;90;0
-2.76;-0.65;0;1
-2.57;0.26;0;1
-2.88;-0.45;0;1
-3.55;-1.07;0;1
-2.77;-0.16;0;1
-3.18;-0.89;0;1
-2.72;-0.14;0;1
-3.05;-0.88;0;1
-3.10;-0.57;0;1
-2.52;-0.11;0;1
-2.53;-0.25;0;1
-2.38;-0.28;0;1
-2.66;-0.61;0;1
-2.46;-0.57;0;1
-3.04;-0.29;0;1
-2.56;-0.11;0;1
-3.54;-0.81;0;1
-2.73;-0.49;0;1
-1.86;0.68;0;1
-3.35;-0.65;0;1
-3.31;-0.89;0;1
-3.01;-0.62;0;1
-2.44;-0.24;0;1
-3.03;-0.43;0;1
-2.80;-0.44;0;1
-2.76;-0.17;0;1
-2.93;-0.65;0;1
-2.77;-0.16;0;1
-3.08;-0.64;0;1
-3.04;-0.43;0;1
-3.09;-0.34;0;1
-3.41;-1.04;0;1
-2.93;-0.19;0;1
-2.98;-0.64;0;1
-2.19;0.00;0;1
-1.78;0.52;0;1
-2.70;-0.72;0;1
-2.46;-0.24;0;1
-2.39;-0.29;0;1
-3.00;-0.70;0;1
-2.79;-0.21;0;1
-2.85;-0.29;0;1
-2.97;-0.37;0;1
-2.47;-0.26;0;1
-2.48;-0.14;0;1
-3.04;-0.66;0;1
-2.86;-0.49;0;1
-3.09;-0.57;0;1
-2.88;-0.32;0;1
-3.40;-0.73;0;1
-3.31;-0.64;0;1
-3.09;-0.74;0;1
-2.70;-0.08;0;1
-3.00;-0.27;0;1
-3.07;-0.85;0;1
-2.97;-0.23;0;1
-2.60;-0.35;0;1
-3.07;-0.48;0;1
-2.57;-0.03;0;1
-3.19;-0.60;0;1
-2.56;-0.35;0;1
-2.47;-0.03;0;1
-2.55;0.08;0;1
-2.51;-0.33;0;1
-2.58;-0.52;0;1
-2.49;-0.55;0;1
-2.67;-0.40;0;1
-2.40;-0.06;0;1
-2.87;-0.27;0;1
-2.56;-0.08;0;1
-2.54;0.42;0;1
-2.91;-0.37;0;1
-3.41;-0.85;0;1
-2.54;-0.15;0;1
-2.72;-0.57;0;1
-2.89;-0.06;0;1
-2.67;-0.32;0;1
-2.35;-0.40;0;1
-2.66;-0.25;0;1
-2.91;-0.46;0;1
-2.65;-0.32;0;1
-2.79;-0.57;0;1
-2.77;-0.89;0;1
-3.17;-0.77;0;1
-2.39;0.03;0;1
-2.69;-0.31;0;1
-2.18;-0.20;0;1
-2.03;0.41;0;1
-2.63;-0.39;10;1
-2.87;-0.34;10;1
-2.20;-0.39;10;1
-2.12;0.21;10;1
-2.76;-0.09;10;1
-2.33;0.01;10;1
-2.31;-0.16;10;1
-2.42;-0.20;10;1
-2.96;-0.70;10;1
-2.88;-0.33;10;1
-2.99;-0.52;10;1
-2.79;-0.38;10;1
-2.41;0.20;10;1
-3.07;-0.54;10;1
-3.23;-0.64;10;1
-2.73;-0.40;10;1
-2.27;0.38;10;1
-3.48;-0.68;10;1
-2.45;-0.24;10;1
-2.51;-0.41;10;1
-2.61;-0.28;10;1
-2.49;0.22;10;1
-3.21;-0.77;10;1
-2.81;-0.47;10;1
-2.49;-0.27;10;1
-2.83;-0.30;10;1
-2.49;-0.06;10;1
-3.02;-0.49;10;1
-2.74;-0.02;10;1
-1.82;0.11;10;1
-2.94;-0.48;10;1
-2.50;-0.31;10;1
-2.31;-0.27;10;1
-2.78;-0.81;10;1
-3.20;-0.72;10;1
-2.11;0.15;10;1
-3.04;-0.12;10;1
-2.44;-0.26;10;1
-1.87;0.26;10;1
-2.90;-1.05;10;1
-3.14;-0.85;10;1
-2.70;-0.17;10;1
-3.23;-0.68;10;1
-2.92;-0.40;10;1
-2.65;-0.37;10;1
-3.18;-0.57;10;1
-2.15;-0.11;10;1
-2.07;0.20;10;1
-2.71;-0.57;10;1
-2.98;-0.37;10;1
-2.74;-0.26;10;1
-3.05;-0.60;10;1
-2.37;0.39;10;1
-2.67;-0.01;10;1
-2.66;0.18;10;1
-2.40;0.02;10;1
-2.33;-0.13;10;1
-2.42;-0.38;10;1
-2.53;-0.38;10;1
-2.28;0.29;10;1
-2.85;-0.19;10;1
-2.17;-0.33;10;1
-3.13;-0.56;10;1
-2.59;-0.36;10;1
-2.13;0.15;10;1
-3.09;-0.69;10;1
-3.30;-0.94;10;1
-2.84;-0.48;10;1
-3.08;-0.56;10;1
-2.69;-0.43;10;1
-2.79;-0.30;10;1
-2.85;-0.94;10;1
-2.06;0.15;10;1
-2.83;-0.65;10;1
-2.96;-0.51;10;1
-2.77;-0.26;10;1
-2.75;-0.42;10;1
-3.03;-0.41;10;1
-2.35;-0.11;10;1
-2.55;-0.40;10;1
-2.20;-0.25;10;1
-2.28;0.27;10;1
-2.90;-0.34;10;1
-2.40;-0.21;10;1
-2.70;-0.65;10;1
-2.43;-0.13;10;1
-2.86;-0.68;10;1
-2.66;-0.51;10;1
-2.47;-0.32;10;1
-1.96;0.04;10;1
-2.86;-0.21;10;1
-2.88;-0.18;10;1
-2.92;-0.29;10;1
-2.31;0.43;10;1
-2.60;-0.21;10;1
-2.69;-0.26;10;1
-2.51;-0.22;10;1
-3.04;-0.97;10;1
-2.33;-0.01;10;1
-3.18;-0.89;10;1
-3.12;-0.48;10;1
-2.74;-0.31;10;1
-2.76;-0.53;10;1
-2.27;-0.07;10;1
-2.31;0.20;10;1
-2.10;0.20;10;1
-1.81;0.04;10;1
-2.26;0.15;10;1
-2.32;-0.08;10;1
-2.56;-0.44;10;1
-2.46;-0.54;10;1
-2.44;-0.26;20;1
-2.43;0.36;20;1
-2.00;0.05;20;1
-2.28;0.28;20;1
-1.38;0.43;20;1
-1.40;0.31;20;1
-2.58;-0.42;20;1
-1.65;-0.23;20;1
-2.83;-0.22;20;1
-2.34;0.02;20;1
-2.44;-0.40;20;1
-2.81;-0.68;20;1
-2.45;-0.13;20;1
-2.31;-0.09;20;1
-2.59;-0.52;20;1
-2.73;-0.08;20;1
-2.21;-0.40;20;1
-2.68;-0.43;20;1
-2.13;-0.01;20;1
-1.98;0.07;20;1
-2.33;0.09;20;1
-1.55;0.54;20;1
-2.38;-0.05;20;1
-2.65;-0.08;20;1
-2.13;-0.07;20;1
-2.24;-0.65;20;1
-2.19;0.23;20;1
-1.97;-0.12;20;1
-1.58;-0.07;20;1
-1.74;-0.27;20;1
-2.40;0.15;20;1
-2.05;-0.12;20;1
-2.13;-0.17;20;1
-2.56;-0.21;20;1
-3.03;-0.47;20;1
-2.46;-0.18;20;1
-2.63;-0.72;20;1
-1.92;-0.20;20;1
-1.91;0.24;20;1
-2.21;-0.39;20;1
-2.63;-0.29;20;1
-2.43;-0.20;20;1
-2.33;-0.31;20;1
-2.73;-0.12;20;1
-1.83;0.42;20;1
-2.54;-0.19;20;1
-2.25;-0.39;20;1
-1.82;0.11;20;1
-2.25;-0.15;20;1
-3.05;-0.60;20;1
-1.90;0.00;20;1
-2.54;-0.10;20;1
-2.26;0.20;20;1
-2.45;-0.18;20;1
-1.82;-0.04;20;1
-1.78;0.42;20;1
-2.34;-0.29;20;1
-2.13;0.33;20;1
-2.37;-0.29;20;1
-2.29;-0.44;20;1
-2.59;-0.70;20;1
-1.73;0.22;20;1
-3.10;-0.63;20;1
-2.51;-0.58;20;1
-2.23;0.51;20;1
-2.03;0.43;20;1
-2.88;-0.44;20;1
-2.50;-0.28;20;1
-2.60;-0.39;20;1
-2.95;-0.31;20;1
-2.07;0.01;20;1
-2.91;-0.29;20;1
-1.30;0.40;20;1
-1.80;0.38;20;1
-1.56;0.26;20;1
-2.16;0.11;20;1
-1.28;-0.30;20;1
-2.59;-0.05;20;1
-2.31;-0.14;20;1
-2.53;-0.27;20;1
-2.81;-0.25;20;1
-2.20;0.04;20;1
-2.43;-0.39;20;1
-1.89;0.35;20;1
-2.78;-0.16;20;1
-2.40;-0.06;20;1
-2.52;-0.14;20;1
-2.17;-0.13;20;1
-2.29;-0.56;20;1
-2.04;-0.12;20;1
-1.70;0.46;20;1
-2.66;-0.30;20;1
-2.70;-0.55;20;1
-2.05;-0.23;20;1
-2.35;0.11;20;1
-1.87;0.43;20;1
-2.19;-0.12;20;1
-2.19;-0.31;20;1
-1.29;0.15;20;1
-1.85;0.06;20;1
-1.92;0.13;20;1
-1.93;0.33;20;1
-2.22;-0.14;20;1
-2.61;-0.41;20;1
-1.75;0.44;20;1
-2.63;-0.40;20;1
-2.46;-0.31;20;1
-1.76;0.46;20;1
-2.20;-0.13;20;1
-2.49;-0.36;20;1
-2.13;0.03;20;1
-2.31;-0.09;20;1
-2.52;0.15;20;1
-2.23;-0.11;20;1
-2.44;-0.14;30;1
-2.14;-0.18;30;1
-1.24;0.36;30;1
-1.66;-0.12;30;1
-1.17;0.19;30;1
-1.97;0.32;30;1
-2.01;0.22;30;1
-1.88;0.17;30;1
-1.73;0.48;30;1
-1.61;0.06;30;1
-1.57;0.35;30;1
-1.24;0.63;30;1
-1.64;0.30;30;1
-2.56;-0.34;30;1
-1.55;0.20;30;1
-2.21;-0.17;30;1
-2.50;-0.25;30;1
-2.06;0.08;30;1
-1.99;0.35;30;1
-1.60;0.57;30;1
-1.98;0.39;30;1
-1.34;0.72;30;1
-1.98;0.16;30;1
-2.05;-0.02;30;1
-2.25;0.05;30;1
-2.40;0.11;30;1
-2.34;-0.29;30;1
-2.02;0.33;30;1
-0.71;1.05;30;1
-1.70;0.39;30;1
-1.64;0.49;30;1
-1.97;-0.07;30;1
-1.27;0.18;30;1
-1.75;-0.16;30;1
-1.61;0.12;30;1
-1.96;0.05;30;1
-1.89;0.19;30;1
-1.59;0.15;30;1
-1.36;0.66;30;1
-2.26;0.02;30;1
-1.80;0.33;30;1
-1.84;0.30;30;1
-1.92;0.36;30;1
-1.84;0.24;30;1
-2.02;0.19;30;1
-1.18;0.71;30;1
-2.23;-0.20;30;1
-1.50;0.30;30;1
-1.75;0.35;30;1
-1.30;0.59;30;1
-1.83;0.12;30;1
-2.03;0.04;30;1
-1.77;0.11;30;1
-1.57;0.34;30;1
-1.07;0.39;30;1
-2.15;-0.25;30;1
-2.02;-0.05;30;1
-2.26;0.32;30;1
-1.77;0.24;30;1
-2.00;-0.24;30;1
-1.64;0.55;30;1
-1.80;0.21;30;1
-1.70;0.60;30;1
-1.66;0.14;30;1
-1.59;0.42;30;1
-1.38;0.39;30;1
-1.56;0.23;30;1
-2.03;0.34;30;1
-2.05;0.49;30;1
-2.43;-0.44;30;1
-2.10;-0.01;30;1
-0.94;0.54;30;1
-1.58;0.28;30;1
-1.61;0.36;30;1
-2.28;0.12;30;1
-1.42;0.39;30;1
-2.07;0.29;30;1
-1.70;0.44;30;1
-1.64;-0.02;30;1
-2.04;0.24;30;1
-1.09;0.21;30;1
-2.12;0.07;30;1
-2.00;-0.12;30;1
-1.85;-0.01;30;1
-1.65;0.24;30;1
-1.98;0.47;30;1
-2.25;-0.09;30;1
-1.72;0.22;30;1
-1.32;0.54;30;1
-1.49;0.09;40;1
-1.62;0.58;40;1
-1.40;0.45;40;1
-1.63;0.29;40;1
-1.67;0.44;40;1
-1.74;0.15;40;1
-2.19;-0.31;40;1
-0.59;0.88;40;1
-1.32;0.52;40;1
-1.65;0.24;40;1
-1.61;0.54;40;1
-0.94;0.97;40;1
-1.65;0.45;40;1
-1.70;0.19;40;1
-0.91;0.96;40;1
-1.27;0.32;40;1
-1.27;0.40;40;1
-1.69;0.17;40;1
-1.42;0.22;40;1
-1.85;0.22;40;1
-1.95;0.15;40;1
-1.73;0.24;40;1
-1.38;0.30;40;1
-1.30;0.50;40;1
-0.62;0.73;40;1
-1.25;0.19;40;1
-1.46;0.01;40;1
-1.50;0.17;40;1
-1.47;0.25;40;1
-1.59;0.46;40;1
-2.15;0.20;40;1
-1.55;0.24;40;1
-1.06;0.87;40;1
-1.21;0.55;40;1
-1.61;0.05;40;1
-1.54;0.01;40;1
-1.71;0.29;40;1
-1.65;0.08;40;1
-1.31;0.30;40;1
-1.87;-0.18;40;1
-1.52;0.33;40;1
-1.19;0.87;40;1
-0.97;0.83;40;1
-1.26;0.58;40;1
-1.44;0.33;40;1
-1.37;0.51;40;1
-1.09;0.49;40;1
-2.19;0.02;40;1
-1.64;0.14;40;1
-1.88;0.35;40;1
-1.37;0.52;40;1
-1.26;0.54;40;1
-1.28;0.65;40;1
-1.17;0.37;40;1
-1.23;0.93;40;1
-1.16;0.80;40;1
-1.24;0.35;40;1
-0.98;0.90;40;1
-1.53;0.35;40;1
-0.76;0.68;40;1
-1.31;0.14;40;1
-1.77;0.43;40;1
-1.68;0.22;40;1
-0.99;0.37;40;1
-0.87;0.48;40;1
-1.50;0.03;40;1
-1.03;0.54;40;1
-1.41;0.29;40;1
-1.28;0.28;40;1
-1.21;0.39;40;1
-1.53;0.73;40;1
-1.74;0.42;40;1
-1.64;0.49;40;1
-1.56;0.28;40;1
-1.11;0.65;40;1
-1.50;0.14;40;1
-0.58;0.78;40;1
-1.61;-0.07;40;1
-1.87;0.10;40;1
-1.27;0.58;40;1
-1.33;0.35;40;1
-1.18;0.58;40;1
-1.82;0.11;40;1
-1.43;0.41;40;1
-1.65;0.18;40;1
-1.30;0.36;40;1
-1.27;0.35;40;1
-1.25;0.78;40;1
-1.82;0.45;40;1
-1.20;0.62;40;1
-1.54;0.09;40;1
-1.33;0.50;40;1
-0.75;0.97;40;1
-0.51;0.92;40;1
-1.67;0.36;50;1
-0.96;0.73;50;1
-1.63;0.40;50;1
-0.29;1.31;50;1
-0.88;0.56;50;1
-0.98;0.70;50;1
-1.04;0.52;50;1
-1.40;0.42;50;1
-1.47;0.58;50;1
-1.04;0.59;50;1
-1.52;0.16;50;1
-1.41;0.39;50;1
-1.17;0.52;50;1
-0.74;0.68;50;1
-0.60;0.49;50;1
-1.57;0.42;50;1
-0.80;0.49;50;1
-0.89;0.94;50;1
-1.15;0.88;50;1
-1.66;-0.05;50;1
-0.90;0.70;50;1
-1.06;0.21;50;1
-0.99;0.60;50;1
-0.75;0.44;50;1
-1.10;0.83;50;1
-1.53;0.71;50;1
-1.24;0.49;50;1
-1.49;0.49;50;1
-1.46;0.20;50;1
-0.42;1.01;50;1
-0.88;0.89;50;1
-0.72;0.42;50;1
-1.72;0.16;50;1
-1.31;0.42;50;1
-1.46;0.44;50;1
-1.15;1.01;50;1
-1.38;0.48;50;1
-0.90;0.80;50;1
-1.25;0.25;50;1
-1.20;0.55;50;1
-0.88;0.53;50;1
-1.26;0.61;50;1
-1.24;0.49;50;1
-1.37;0.52;50;1
-0.96;0.61;50;1
-1.65;0.24;50;1
-0.59;1.12;50;1
-0.71;1.26;50;1
-0.18;1.00;50;1
-1.24;0.44;50;1
-1.30;0.49;50;1
-1.26;0.32;50;1
-1.02;0.59;50;1
-1.72;0.10;50;1
-1.77;-0.02;50;1
-0.79;0.41;50;1
-0.82;0.66;50;1
-0.93;0.49;50;1
-0.67;0.87;50;1
-0.42;0.75;50;1
-1.42;0.23;50;1
-1.46;0.53;50;1
-0.74;0.37;50;1
-0.97;0.93;50;1
-1.18;0.24;50;1
-0.61;1.16;50;1
-1.01;0.16;50;1
-1.22;0.38;50;1
-0.99;0.49;50;1
-1.26;0.80;50;1
-0.90;0.51;50;1
-1.48;0.16;50;1
-0.85;0.36;50;1
-0.78;0.60;50;1
-0.74;0.93;50;1
-0.83;0.42;50;1
-1.19;0.59;50;1
-0.52;0.54;50;1
-1.02;1.09;50;1
-0.55;0.72;50;1
-0.96;0.71;50;1
-0.66;1.01;50;1
-0.63;1.24;50;1
-0.60;0.77;50;1
-1.15;0.63;50;1
-0.83;0.53;50;1
-0.67;0.71;50;1
-0.68;0.94;50;1
-1.34;0.09;50;1
-0.78;0.78;50;1
-1.19;0.59;50;1
-0.18;1.06;50;1
-0.67;0.99;50;1
-1.18;0.39;50;1
-0.94;0.74;60;1
-0.90;0.75;60;1
-1.18;0.63;60;1
-0.86;0.83;60;1
-0.86;1.07;60;1
-0.82;0.52;60;1
-0.63;1.02;60;1
-0.95;0.49;60;1
-0.20;0.87;60;1
-0.32;0.38;60;1
-0.86;0.86;60;1
-0.59;0.83;60;1
-0.56;1.23;60;1
-0.67;0.76;60;1
-0.24;1.24;60;1
-0.79;0.66;60;1
0.26;1.26;60;1
-0.64;0.30;60;1
-0.61;0.67;60;1
-0.65;0.64;60;1
-0.81;0.18;60;1
-0.80;0.74;60;1
-0.55;0.65;60;1
-0.62;1.19;60;1
-0.82;0.78;60;1
-0.87;1.02;60;1
0.05;1.20;60;1
-0.81;0.75;60;1
-1.02;0.74;60;1
-0.75;0.90;60;1
-0.91;0.63;60;1
-1.16;0.39;60;1
-0.35;1.30;60;1
-0.38;1.01;60;1
0.48;0.82;60;1
-0.66;0.88;60;1
-0.21;1.23;60;1
0.19;0.89;60;1
-0.67;1.42;60;1
-0.98;0.69;60;1
-1.22;0.79;60;1
-0.99;0.70;60;1
-0.62;0.72;60;1
-0.53;0.69;60;1
-0.53;0.84;60;1
-0.86;1.04;60;1
-0.71;1.09;60;1
0.04;1.20;60;1
-0.88;0.28;60;1
-0.02;1.34;60;1
-0.42;1.03;60;1
0.15;1.29;60;1
-0.62;0.60;60;1
-0.27;1.26;60;1
-1.07;0.57;60;1
-0.23;1.23;60;1
-0.96;0.50;60;1
-0.32;0.93;60;1
-0.91;0.72;60;1
-0.75;0.57;60;1
0.03;1.19;60;1
-0.61;0.79;60;1
-0.59;0.98;60;1
-0.48;1.18;60;1
-0.70;0.95;60;1
-0.39;0.67;60;1
-0.82;1.19;60;1
-0.26;0.98;60;1
0.05;1.44;60;1
-0.33;0.90;60;1
-1.13;0.70;60;1
-0.76;0.63;60;1
-0.85;0.86;60;1
-1.00;0.83;60;1
-1.20;0.34;60;1
-0.29;0.96;60;1
-0.28;0.72;60;1
-0.45;1.02;60;1
-0.20;1.00;60;1
-0.75;0.98;60;1
-0.94;1.23;60;1
-0.73;1.00;60;1
-0.08;0.92;60;1
-0.84;0.88;60;1
-0.35;1.29;60;1
-0.07;1.17;60;1
-0.84;0.85;60;1
-0.83;0.48;60;1
-0.35;0.73;60;1
-0.62;0.41;60;1
-0.67;0.88;60;1
-0.17;0.83;60;1
-0.34;1.44;60;1
-0.48;0.85;60;1
-0.51;1.17;60;1
-0.51;1.14;70;1
-0.69;0.92;70;1
-0.45;0.55;70;1
-0.56;0.88;70;1
0.00;0.91;70;1
-0.47;0.87;70;1
-0.51;0.48;70;1
-1.00;0.71;70;1
-0.50;1.12;70;1
-0.38;0.37;70;1
0.11;1.12;70;1
-0.28;0.76;70;1
-0.16;0.95;70;1
-0.31;1.00;70;1
0.06;1.00;70;1
-0.03;0.60;70;1
-0.26;0.71;70;1
-0.10;0.35;70;1
-0.66;0.94;70;1
-0.51;0.72;70;1
-0.49;0.91;70;1
-0.23;1.29;70;1
-0.64;0.92;70;1
0.13;0.86;70;1
-0.74;0.93;70;1
0.12;1.09;70;1
0.03;0.51;70;1
-0.62;0.49;70;1
-0.39;0.67;70;1
-0.82;0.79;70;1
-0.57;0.44;70;1
-0.25;0.90;70;1
-0.75;0.40;70;1
-0.41;0.74;70;1
-0.72;0.95;70;1
-0.82;0.71;70;1
0.05;0.79;70;1
-0.62;0.43;70;1
0.43;1.17;70;1
-0.80;0.89;70;1
-0.27;0.95;70;1
-0.06;0.60;70;1
-0.23;0.80;70;1
-0.62;0.71;70;1
0.08;1.18;70;1
-1.05;0.50;70;1
-0.92;0.65;70;1
-0.82;0.71;70;1
-0.34;0.54;70;1
-0.19;0.96;70;1
-0.40;0.83;70;1
-0.28;0.57;70;1
-0.62;0.61;70;1
-0.43;1.03;70;1
-0.56;0.51;70;1
0.15;1.32;70;1
-0.80;0.89;70;1
-0.10;1.21;70;1
-0.49;0.55;70;1
-0.26;0.92;70;1
0.08;0.82;70;1
-0.16;0.75;70;1
-0.21;0.78;70;1
-0.71;0.07;70;1
-0.56;0.89;70;1
-0.57;0.65;70;1
0.23;1.21;70;1
-0.12;0.98;70;1
-0.26;1.22;70;1
-0.50;1.01;70;1
-0.74;1.01;70;1
-0.16;0.86;70;1
-0.32;0.78;70;1
-0.12;0.90;70;1
-0.39;1.08;70;1
-0.15;0.48;70;1
-0.68;0.80;70;1
0.00;0.92;70;1
-1.00;0.47;70;1
-0.03;1.22;70;1
-0.69;0.52;70;1
-0.10;1.22;70;1
-0.53;0.91;70;1
-0.03;1.31;70;1
-0.49;0.85;70;1
-0.60;0.90;70;1
-0.74;0.68;70;1
-0.30;0.68;70;1
0.14;1.04;70;1
-0.79;0.44;70;1
0.21;1.70;70;1
-0.84;0.99;70;1
0.14;0.98;70;1
-0.78;0.71;70;1
0.28;0.96;70;1
-0.89;0.45;70;1
-0.51;1.06;70;1
-0.76;0.57;70;1
-0.20;0.96;70;1
-0.29;0.85;70;1
-0.20;1.00;80;1
-0.32;1.00;80;1
0.20;1.16;80;1
-0.49;0.89;80;1
-0.49;0.95;80;1
0.01;1.28;80;1
-0.29;0.95;80;1
-0.05;1.06;80;1
-0.03;1.55;80;1
0.35;1.13;80;1
-0.53;1.05;80;1
-0.01;1.46;80;1
-0.22;0.72;80;1
0.16;1.35;80;1
-0.56;0.77;80;1
0.20;1.26;80;1
0.40;0.93;80;1
-0.51;0.96;80;1
0.41;1.45;80;1
-0.31;1.39;80;1
0.16;0.97;80;1
-0.01;0.81;80;1
-0.34;0.86;80;1
-0.50;0.93;80;1
-0.41;1.09;80;1
0.20;0.85;80;1
-0.42;0.96;80;1
0.01;0.91;80;1
-0.61;1.28;80;1
-0.51;0.97;80;1
-0.68;0.95;80;1
-0.47;1.28;80;1
-0.16;1.00;80;1
0.06;0.59;80;1
-0.53;0.75;80;1
0.17;1.05;80;1
-0.50;0.78;80;1
-0.63;0.83;80;1
-0.45;0.50;80;1
0.13;1.16;80;1
0.12;1.04;80;1
0.21;1.23;80;1
0.48;0.59;80;1
-0.24;1.29;80;1
-0.39;1.13;80;1
-0.47;1.37;80;1
0.96;1.45;80;1
-0.90;0.96;80;1
0.28;1.77;80;1
-0.27;1.32;80;1
0.54;1.26;80;1
-0.35;0.76;80;1
-0.70;1.16;80;1
-0.25;1.01;80;1
-0.35;1.52;80;1
-0.58;1.19;80;1
-0.03;1.22;80;1
-0.19;1.33;80;1
-0.32;1.27;80;1
-0.08;1.28;80;1
-0.67;0.99;80;1
-0.29;0.93;80;1
-1.26;0.77;80;1
-0.22;1.19;80;1
-0.87;1.04;80;1
-0.18;1.00;80;1
-0.51;0.94;80;1
0.21;1.34;80;1
-0.05;0.95;80;1
-0.27;0.64;80;1
-0.36;0.69;80;1
-0.20;0.24;80;1
-0.64;0.72;80;1
-0.37;0.37;80;1
0.05;0.91;80;1
-0.98;0.83;80;1
-0.04;1.20;80;1
0.40;0.92;80;1
0.03;1.02;80;1
-0.86;1.03;80;1
-0.05;1.34;80;1
-0.39;0.68;80;1
-0.31;0.51;80;1
-0.56;0.61;80;1
0.36;1.16;80;1
-0.18;1.27;80;1
-0.52;0.88;80;1
0.62;1.23;80;1
-0.19;1.47;80;1
0.45;2.00;80;1
-0.06;1.37;80;1
0.26;1.56;80;1
-0.80;1.02;80;1
-0.23;1.35;80;1
-0.31;0.96;80;1
-0.41;1.09;80;1
-0.40;0.94;80;1
-0.44;1.79;80;1
0.17;1.29;80;1
-0.42;0.97;80;1
0.38;1.36;80;1
-0.86;1.03;80;1
0.35;0.86;80;1
-0.77;0.66;80;1
-0.40;0.94;80;1
-0.51;0.39;80;1
-0.77;1.19;80;1
-0.48;0.79;80;1
-0.18;0.76;80;1
-0.33;0.97;80;1
-0.26;1.43;90;1
-0.23;1.49;90;1
0.18;1.49;90;1
-0.03;1.64;90;1
-0.45;1.20;90;1
-0.14;1.09;90;1
-0.86;1.29;90;1
-0.17;1.77;90;1
-0.60;1.26;90;1
-0.12;1.62;90;1
-0.32;1.85;90;1
0.00;2.14;90;1
-0.09;1.15;90;1
-0.57;0.77;90;1
-0.85;0.75;90;1
-0.73;0.57;90;1
-1.00;0.62;90;1
-1.04;0.43;90;1
-0.32;1.25;90;1
-0.59;1.12;90;1
0.11;0.99;90;1
-0.28;0.97;90;1
-0.09;1.19;90;1
-0.04;0.77;90;1
-0.15;0.73;90;1
-0.20;0.73;90;1
0.21;1.07;90;1
-0.35;1.19;90;1
0.31;1.37;90;1
-0.24;0.82;90;1
-0.57;1.05;90;1
0.20;0.97;90;1
-0.61;1.46;90;1
-0.02;1.05;90;1
-0.71;0.67;90;1
0.04;1.25;90;1
-0.42;1.21;90;1
0.45;1.62;90;1
-0.11;1.68;90;1
-0.02;1.32;90;1
-0.28;1.66;90;1
0.44;2.31;90;1
0.15;1.58;90;1
-0.29;1.45;90;1
-0.01;1.37;90;1
-0.77;0.79;90;1
0.23;1.00;90;1
-0.52;1.11;90;1
0.01;1.21;90;1
-0.21;1.49;90;1
-0.09;1.70;90;1
-0.47;1.05;90;1
0.00;1.41;90;1
-0.70;1.13;90;1
-0.28;1.32;90;1
-0.48;0.60;90;1
-0.01;1.23;90;1
-0.67;0.65;90;1
-0.02;0.37;90;1
-0.48;0.71;90;1
-0.52;0.62;90;1
0.30;1.45;90;1
-0.76;1.09;90;1
0.68;1.46;90;1
-0.10;0.88;90;1
-0.08;1.07;90;1
-0.46;0.81;90;1
0.04;1.24;90;1
-0.21;0.92;90;1
0.04;0.70;90;1
-0.64;1.01;90;1
-0.35;1.27;90;1
-0.06;1.12;90;1
-0.33;1.22;90;1
0.19;1.31;90;1
-0.44;1.43;90;1
0.12;1.67;90;1
-0.27;1.57;90;1
-0.04;1.65;90;1
-0.17;1.23;90;1
-0.04;1.70;90;1
-0.04;1.10;90;1
0.03;1.11;90;1
-0.34;1.05;90;1
-0.67;1.07;90;1
0.52;1.59;90;1
-0.71;0.92;90;1
0.53;1.67;90;1
-0.10;1.73;90;1
0.46;1.57;90;1
-0.27;1.58;90;1
0.01;1.16;90;1
-0.66;1.01;90;1
-0.16;1.52;90;1
-0.81;0.53;90;1
-0.69;0.67;90;1
-0.49;1.38;90;1
-0.84;0.98;90;1
-0.21;1.29;90;1
-0.59;0.88;90;1
-0.28;1.07;90;1
-1.20;0.64;90;1
-0.38;1.26;90;1
-0.06;1.02;90;1
-0.10;1.65;90;1
